-- phpMyAdmin SQL Dump
-- version 4.8.5
-- https://www.phpmyadmin.net/
--
-- Host: vergil.u.washington.edu:2999
-- Generation Time: Jun 19, 2019 at 05:49 PM
-- Server version: 5.5.18
-- PHP Version: 7.2.4

SET SQL_MODE = "NO_AUTO_VALUE_ON_ZERO";
SET AUTOCOMMIT = 0;
START TRANSACTION;
SET time_zone = "+00:00";


/*!40101 SET @OLD_CHARACTER_SET_CLIENT=@@CHARACTER_SET_CLIENT */;
/*!40101 SET @OLD_CHARACTER_SET_RESULTS=@@CHARACTER_SET_RESULTS */;
/*!40101 SET @OLD_COLLATION_CONNECTION=@@COLLATION_CONNECTION */;
/*!40101 SET NAMES utf8mb4 */;

--
-- Database: `MissingChildren`
--

-- --------------------------------------------------------

--
-- Table structure for table `Abductor`
--

CREATE TABLE `Abductor` (
  `abductorNo` int(11) NOT NULL,
  `firstName` varchar(50) DEFAULT NULL,
  `lastName` varchar(50) DEFAULT NULL,
  `dateOfBirth` date DEFAULT NULL,
  `height` double DEFAULT NULL,
  `weight` double DEFAULT NULL,
  `presentMentalState` varchar(255) DEFAULT NULL,
  `GenderCode` varchar(20) NOT NULL,
  `RaceCode` varchar(30) NOT NULL,
  `EyeColorCode` varchar(20) NOT NULL,
  `HairColorCode` varchar(20) NOT NULL,
  `PhotoNo` int(11) DEFAULT NULL
) ENGINE=MyISAM DEFAULT CHARSET=latin1;

--
-- Dumping data for table `Abductor`
--

INSERT INTO `Abductor` (`abductorNo`, `firstName`, `lastName`, `dateOfBirth`, `height`, `weight`, `presentMentalState`, `GenderCode`, `RaceCode`, `EyeColorCode`, `HairColorCode`, `PhotoNo`) VALUES
(1, 'James', 'Pfleger', NULL, 6, 200, 'Irrational', 'Male', 'White', 'Green', 'Brown', NULL),
(2, 'Patrick', 'Star', NULL, 5, 195, 'Angry', 'Male', 'Hispanic', 'Green', 'Pink', NULL),
(3, 'Bob', 'Bobby', NULL, 6, 400, 'Crazy', 'Male', 'Black', 'Hazel', 'Bald/Unkown', NULL),
(4, 'John', 'Smith', NULL, 511, 200, NULL, 'Male', 'White', 'Brown', 'Strawberry', NULL),
(5, 'Peter', 'Cow', NULL, 510, 150, NULL, 'Male', 'Black', 'Brown', 'Blue', NULL),
(6, 'Mary', 'Mars', NULL, 55, 120, NULL, 'Female', 'White', 'Green', 'Strawberry', NULL),
(7, 'Tim', 'Duncan', NULL, 53, 300, NULL, 'Male', 'White', 'Brown', 'Purple', NULL),
(8, 'arnold', 'Swag', NULL, 61, 200, NULL, 'Male', 'White', 'Blue', 'Blond', NULL),
(9, 'Johnny', 'Bravo', NULL, 511, 200, NULL, 'Male', 'White', 'Brown', 'Blond', NULL),
(10, 'Sarah', 'Losi', NULL, 62, 150, NULL, 'Female', 'Non-Hispanic', 'Brown', 'Black', NULL);

-- --------------------------------------------------------

--
-- Table structure for table `AbductorSighting`
--

CREATE TABLE `AbductorSighting` (
  `abductorNo` int(11) NOT NULL,
  `sightingID` int(11) NOT NULL
) ENGINE=MyISAM DEFAULT CHARSET=latin1;

--
-- Dumping data for table `AbductorSighting`
--

INSERT INTO `AbductorSighting` (`abductorNo`, `sightingID`) VALUES
(1, 1),
(2, 2),
(3, 3),
(4, 4),
(5, 5),
(6, 6),
(7, 7),
(8, 8),
(9, 9),
(10, 10);

-- --------------------------------------------------------

--
-- Table structure for table `Address`
--

CREATE TABLE `Address` (
  `AddressID` int(11) NOT NULL,
  `street` varchar(255) NOT NULL,
  `city` varchar(255) NOT NULL,
  `zipCode` int(11) NOT NULL,
  `houseNo` int(11) DEFAULT NULL,
  `StateCode` char(2) NOT NULL
) ENGINE=MyISAM DEFAULT CHARSET=latin1;

--
-- Dumping data for table `Address`
--

INSERT INTO `Address` (`AddressID`, `street`, `city`, `zipCode`, `houseNo`, `StateCode`) VALUES
(1, '123 S street', 'Seattle', 98198, 1234, 'WA'),
(2, '345 S PL', 'Des Moines', 98198, 1434, 'WA'),
(3, '45th S street', 'Seattle', 98198, 111, 'WA'),
(4, 'MLK S way', 'Los Angeles', 67890, 1314, 'CA'),
(5, 'broadway S street', 'New York', 11111, 9193, 'NY'),
(6, '6th ave S', 'Seattle', 98198, 102, 'WA'),
(7, '1st S ave', 'Los Angeles', 12314, 124, 'CA'),
(8, 'Cherry street', 'Des Moines', 98198, 5354, 'WA'),
(9, '240th S street', 'Seattle', 98198, 213, 'WA'),
(10, 'Rain street way', 'Los Angeles', 98198, 64, 'CA');

-- --------------------------------------------------------

--
-- Table structure for table `Authorize`
--

CREATE TABLE `Authorize` (
  `authCode` char(1) NOT NULL
) ENGINE=MyISAM DEFAULT CHARSET=latin1;

--
-- Dumping data for table `Authorize`
--

INSERT INTO `Authorize` (`authCode`) VALUES
('N'),
('Y');

-- --------------------------------------------------------

--
-- Table structure for table `ClinicRecord`
--

CREATE TABLE `ClinicRecord` (
  `ClinicRecordID` int(11) NOT NULL,
  `firstName` varchar(50) DEFAULT NULL,
  `lastName` varchar(5) DEFAULT NULL,
  `MedicationID` int(11) NOT NULL,
  `AddressID` int(11) NOT NULL
) ENGINE=MyISAM DEFAULT CHARSET=latin1;

--
-- Dumping data for table `ClinicRecord`
--

INSERT INTO `ClinicRecord` (`ClinicRecordID`, `firstName`, `lastName`, `MedicationID`, `AddressID`) VALUES
(1, 'Jon', 'Snow', 10, 1),
(2, 'Bran', 'Stark', 9, 2),
(3, 'Sansa', 'Stark', 8, 3),
(4, 'Arya', 'Stark', 7, 4),
(5, 'Ned', 'Stark', 6, 5),
(6, 'Rob', 'Stark', 5, 6),
(7, 'Daenerys', 'Targa', 4, 7),
(8, 'Tyrion', 'Lanni', 3, 8),
(9, 'Davos', 'Seawo', 2, 9),
(10, 'Aegon', 'Targa', 1, 10);

-- --------------------------------------------------------

--
-- Table structure for table `ContactInfo`
--

CREATE TABLE `ContactInfo` (
  `ContactInfoNo` int(11) NOT NULL,
  `phoneNumber` varchar(50) NOT NULL,
  `AddressID` int(11) DEFAULT NULL
) ENGINE=MyISAM DEFAULT CHARSET=latin1;

--
-- Dumping data for table `ContactInfo`
--

INSERT INTO `ContactInfo` (`ContactInfoNo`, `phoneNumber`, `AddressID`) VALUES
(1, '2061234567', 1),
(2, '2061533567', 8),
(3, '2062331553', NULL),
(4, '2147483647', 2),
(5, '2064232331', NULL),
(6, '226131553', NULL),
(7, '406743212', 1),
(8, '2064632001', NULL),
(9, '2147483647', NULL),
(10, '2064233111', NULL);

-- --------------------------------------------------------

--
-- Table structure for table `DriverLicense`
--

CREATE TABLE `DriverLicense` (
  `licenseNO` varchar(4) NOT NULL,
  `FirstName` varchar(20) NOT NULL,
  `LastName` varchar(20) NOT NULL,
  `PhoneNumber` varchar(11) NOT NULL
) ENGINE=MyISAM DEFAULT CHARSET=latin1;

--
-- Dumping data for table `DriverLicense`
--

INSERT INTO `DriverLicense` (`licenseNO`, `FirstName`, `LastName`, `PhoneNumber`) VALUES
('JCP0', 'James', 'Pfleger', '4255550000'),
('BAB1', 'Bob', 'Bobby', '4255550001'),
('JTS2', 'John', 'Smith', '4255550002'),
('PHC4', 'Peter', 'Cow', '4255550003'),
('MAM5', 'Mary', 'Mars', '4255550004'),
('TOD6', 'Tim', 'Duncan', '4255550005'),
('AQS7', 'arnold', 'Swag', '4255550034'),
('JUB8', 'Johnny', 'Bravo', '4255553433'),
('PAS9', 'Patrick', 'star', '4255556666'),
('SAL3', 'Sarah', 'Losi', '4255557676');

-- --------------------------------------------------------

--
-- Table structure for table `EyeColor`
--

CREATE TABLE `EyeColor` (
  `eyeColorCode` varchar(20) NOT NULL
) ENGINE=MyISAM DEFAULT CHARSET=latin1;

--
-- Dumping data for table `EyeColor`
--

INSERT INTO `EyeColor` (`eyeColorCode`) VALUES
('Black'),
('Blue'),
('Brown'),
('Gray'),
('Green'),
('Hazel'),
('Maroon'),
('Multi-Color'),
('Pink'),
('Unknown');

-- --------------------------------------------------------

--
-- Table structure for table `Family`
--

CREATE TABLE `Family` (
  `familyNo` int(11) NOT NULL,
  `familyName` varchar(50) NOT NULL
) ENGINE=MyISAM DEFAULT CHARSET=latin1;

--
-- Dumping data for table `Family`
--

INSERT INTO `Family` (`familyNo`, `familyName`) VALUES
(1, 'Anderson'),
(2, 'Black'),
(3, 'Owen'),
(4, 'Coat'),
(5, 'Gonzalez'),
(6, 'Smith'),
(7, 'Reynolds'),
(8, 'Wright'),
(9, 'Cano'),
(10, 'Cox');

-- --------------------------------------------------------

--
-- Table structure for table `FamilyMember`
--

CREATE TABLE `FamilyMember` (
  `familyNo` int(11) NOT NULL,
  `familyMemberNo` int(11) NOT NULL,
  `firstName` varchar(50) NOT NULL,
  `lastName` varchar(50) NOT NULL,
  `relationshipCode` varchar(50) NOT NULL,
  `contactInfoNo` int(11) DEFAULT NULL
) ENGINE=MyISAM DEFAULT CHARSET=latin1;

--
-- Dumping data for table `FamilyMember`
--

INSERT INTO `FamilyMember` (`familyNo`, `familyMemberNo`, `firstName`, `lastName`, `relationshipCode`, `contactInfoNo`) VALUES
(1, 1, 'Mike', 'Anderson', 'Father', 1),
(1, 2, 'Leyla', 'Anderson', 'Mother', 1),
(1, 3, 'Jordan', 'Anderson', 'Brother', NULL),
(1, 4, 'Lebron', 'Anderson', 'Brother', NULL),
(2, 1, 'Kobe', 'Black', 'Father', 2),
(2, 2, 'Rose', 'Black', 'Mother', 2),
(2, 3, 'Linda', 'Black', 'Sister', NULL),
(2, 4, 'Malcolm', 'Black', 'Brother', NULL),
(3, 1, 'Peter', 'Owen', 'Father', 5),
(3, 2, 'Lisa', 'Owen', 'Mother', 5);

-- --------------------------------------------------------

--
-- Table structure for table `Gender`
--

CREATE TABLE `Gender` (
  `genderCode` varchar(20) NOT NULL
) ENGINE=MyISAM DEFAULT CHARSET=latin1;

--
-- Dumping data for table `Gender`
--

INSERT INTO `Gender` (`genderCode`) VALUES
('Female'),
('Male');

-- --------------------------------------------------------

--
-- Table structure for table `HairColor`
--

CREATE TABLE `HairColor` (
  `hairColorCode` varchar(20) NOT NULL
) ENGINE=MyISAM DEFAULT CHARSET=latin1;

--
-- Dumping data for table `HairColor`
--

INSERT INTO `HairColor` (`hairColorCode`) VALUES
('Bald/Unknown'),
('Black'),
('Blond'),
('Blue'),
('Brown'),
('Gray'),
('Green'),
('Orange'),
('Pink'),
('Purple'),
('Red/Auburn'),
('Sandy'),
('Strawberry'),
('White');

-- --------------------------------------------------------

--
-- Table structure for table `HealthClinic`
--

CREATE TABLE `HealthClinic` (
  `healthClinicID` int(11) NOT NULL,
  `clinicName` varchar(50) DEFAULT NULL,
  `phoneNumber` varchar(10) DEFAULT NULL,
  `AddressID` varchar(255) NOT NULL,
  `clinicRecordID` int(11) NOT NULL
) ENGINE=MyISAM DEFAULT CHARSET=latin1;

--
-- Dumping data for table `HealthClinic`
--

INSERT INTO `HealthClinic` (`healthClinicID`, `clinicName`, `phoneNumber`, `AddressID`, `clinicRecordID`) VALUES
(1, 'El Camino', '4565557878', '1', 1),
(2, 'Johns Hopkins', '4565559393', '2', 2),
(3, 'Anadolu', '2065557883', '3', 3),
(4, 'Palomar', '2535556395', '4', 4),
(5, 'Gleneagles', '4253337878', '5', 5),
(6, 'Ramkhamhaeng', '5555555555', '6', 6),
(7, 'Vale Hospital', '5095552222', '7', 7),
(8, 'Harborview', '2069997899', '8', 8),
(9, 'Arkum Asylum', '2069998888', '9', 9),
(10, 'Seattle Presbyterian', '2065463290', '10', 10);

-- --------------------------------------------------------

--
-- Table structure for table `InvestigatingOfficer`
--

CREATE TABLE `InvestigatingOfficer` (
  `officerNo` int(11) NOT NULL,
  `firstName` varchar(50) NOT NULL,
  `lastName` varchar(50) NOT NULL,
  `Address` varchar(120) NOT NULL
) ENGINE=MyISAM DEFAULT CHARSET=latin1;

--
-- Dumping data for table `InvestigatingOfficer`
--

INSERT INTO `InvestigatingOfficer` (`officerNo`, `firstName`, `lastName`, `Address`) VALUES
(1, 'Officer', 'Nasty', '1'),
(2, 'Deputy', 'Pablo', '2'),
(3, 'Chief', 'Police', '3'),
(4, 'Roger', 'Rabbit', '4'),
(5, 'Porky', 'Pig', '5'),
(6, 'Road', 'Runner', '6'),
(7, 'Hugh', 'Grant', '7'),
(8, 'Jeff', 'Lebowski', '8'),
(9, 'Sir', 'Penguin', '9'),
(10, 'Bald', 'Eagle', '10');

-- --------------------------------------------------------

--
-- Table structure for table `LawEnforcementDepartment`
--

CREATE TABLE `LawEnforcementDepartment` (
  `deptNo` int(11) NOT NULL,
  `deptName` varchar(255) NOT NULL,
  `phoneNumber` varchar(11) NOT NULL,
  `Address` varchar(120) NOT NULL,
  `InvestigatingOfficerNo` int(16) NOT NULL
) ENGINE=MyISAM DEFAULT CHARSET=latin1;

--
-- Dumping data for table `LawEnforcementDepartment`
--

INSERT INTO `LawEnforcementDepartment` (`deptNo`, `deptName`, `phoneNumber`, `Address`, `InvestigatingOfficerNo`) VALUES
(1, 'Seattle PD', '2065550000', '1', 1),
(2, 'Des Moines PD', '1235550000', '2', 2),
(3, 'Bellevue PD', '3235550000', '3', 3),
(4, 'Los Angeles PD', '2225550000', '4', 4),
(5, 'New York City PD', '4095550000', '5', 5),
(6, 'Tacoma PD', '5095550000', '6', 6),
(7, 'Renton PD', '6755550000', '7', 7),
(8, 'Kirkland PD', '3385550000', '8', 8),
(9, 'Redmond PD', '6025550000', '9', 9),
(10, 'Orance County PD', '3015550000', '10', 10);

-- --------------------------------------------------------

--
-- Table structure for table `Make`
--

CREATE TABLE `Make` (
  `MakeCode` varchar(50) NOT NULL
) ENGINE=MyISAM DEFAULT CHARSET=latin1;

--
-- Dumping data for table `Make`
--

INSERT INTO `Make` (`MakeCode`) VALUES
('0'),
('Honda'),
('Jeep'),
('Subaru');

-- --------------------------------------------------------

--
-- Table structure for table `Medication`
--

CREATE TABLE `Medication` (
  `MedicationID` int(11) NOT NULL,
  `medicationName` varchar(50) DEFAULT NULL,
  `medicationDescription` varchar(255) DEFAULT NULL,
  `MedicationDate` date DEFAULT NULL
) ENGINE=MyISAM DEFAULT CHARSET=latin1;

--
-- Dumping data for table `Medication`
--

INSERT INTO `Medication` (`MedicationID`, `medicationName`, `medicationDescription`, `MedicationDate`) VALUES
(1, 'Ibuprofen', 'Take 30 minutes before meal', '2011-10-25'),
(2, 'Vicodin', 'Take 1 a day', '2016-01-13'),
(3, 'Oxycontin', 'Take 30 minutes before meal', '2019-01-25'),
(4, 'Advil', 'Take 1 every 4 hours', '2018-10-17'),
(5, 'Ranitidine', 'Take first thing in the morning', '2017-09-21'),
(6, 'Xanax', 'Take 1 in the morning and 1 at night', '2019-08-05'),
(7, 'Ritalin', 'Take 1 a day', '2018-11-03'),
(8, 'Zyrtec', 'Take 30 minutes before meal', '2019-04-22'),
(9, 'Tylenol', 'Take 1 every 4 hours', '2019-02-01'),
(10, 'Benadryl', 'Take first thing in the morning', '2017-09-30');

-- --------------------------------------------------------

--
-- Table structure for table `MedicationRelease`
--

CREATE TABLE `MedicationRelease` (
  `medicationReleaseNo` int(11) NOT NULL,
  `signature` tinyint(1) DEFAULT NULL,
  `medicationReleaseDate` date DEFAULT NULL,
  `DeptNo` int(11) NOT NULL,
  `HealthClinicID` int(11) NOT NULL,
  `AuthCode` char(1) NOT NULL
) ENGINE=MyISAM DEFAULT CHARSET=latin1;

--
-- Dumping data for table `MedicationRelease`
--

INSERT INTO `MedicationRelease` (`medicationReleaseNo`, `signature`, `medicationReleaseDate`, `DeptNo`, `HealthClinicID`, `AuthCode`) VALUES
(1, 1, '2016-10-22', 1, 1, 'y'),
(2, 1, '2018-05-02', 2, 2, 'y'),
(3, 1, '2016-09-12', 3, 3, 'y'),
(4, 1, '2019-02-14', 4, 4, 'y'),
(5, 0, '2018-03-29', 5, 5, 'n'),
(6, 0, '2018-10-12', 6, 6, 'n'),
(7, 0, '2016-08-22', 7, 7, 'n'),
(8, 1, '2016-04-26', 8, 8, 'y'),
(9, 1, '2014-03-15', 9, 9, 'y'),
(10, 1, '2019-04-23', 10, 10, 'y');

-- --------------------------------------------------------

--
-- Table structure for table `MissingChild`
--

CREATE TABLE `MissingChild` (
  `missingChildNo` int(11) NOT NULL,
  `firstName` varchar(50) NOT NULL,
  `lastName` varchar(50) NOT NULL,
  `dateOfBirth` date DEFAULT NULL,
  `ageOfDisappearnce` int(11) NOT NULL,
  `presentMentalState` varchar(255) DEFAULT NULL,
  `height` double DEFAULT NULL,
  `weight` double DEFAULT NULL,
  `genderCode` varchar(20) NOT NULL,
  `raceCode` varchar(30) NOT NULL,
  `eyeColorCode` varchar(20) NOT NULL,
  `hairColorCode` varchar(20) NOT NULL,
  `photoNo` int(11) DEFAULT NULL
) ENGINE=MyISAM DEFAULT CHARSET=latin1;

--
-- Dumping data for table `MissingChild`
--

INSERT INTO `MissingChild` (`missingChildNo`, `firstName`, `lastName`, `dateOfBirth`, `ageOfDisappearnce`, `presentMentalState`, `height`, `weight`, `genderCode`, `raceCode`, `eyeColorCode`, `hairColorCode`, `photoNo`) VALUES
(1, 'Michael', 'Anderson', '2000-01-01', 17, 'Normal', 5.11, 175, 'Male', 'White', 'Multi-Colored', 'Black', 1),
(2, 'David', 'Coats', '1998-05-13', 16, 'Anxiety', 5.5, 175, 'Male', 'White', 'Black', 'Red/Auburn', 2),
(3, 'Earnest', 'Black', '2002-01-29', 12, 'Bipolar disorder', 5.11, 105, 'Male', 'White', 'Green', 'Blond', 3),
(4, 'Spike', 'Spiegel', NULL, 13, 'Normal', 6.2, 210, 'Male', 'White', 'Blue', 'Brown', 4),
(5, 'Stevie-Ray', 'Owen', '2001-12-04', 16, NULL, 5.5, 125, 'Female', 'Black', 'Black', 'Purple', 5),
(6, 'Micah', 'Badilla-Reynolds', '2000-01-12', 17, 'Depression', 5, 120, 'Male', 'White', 'Blue', 'Bald/Unknown', 6),
(7, 'Kaelyn', 'Smith', '2000-01-01', 12, 'Normal', 5.2, 120, 'Female', 'White', 'Hazel', 'Blond', 7),
(8, 'Shelby', 'Smith', '1990-04-07', 17, NULL, 5.5, 150, 'Male', 'White', 'Black', 'Black', 8),
(9, 'Vegeta', 'Saiyan', NULL, 14, 'Hates Humans', 6.3, 200, 'Male', 'Asian or Pacific Islander', 'Brown', 'Black', 9),
(10, 'Piccolo', 'Green', NULL, 13, NULL, 6.2, 175, 'Male', 'Hispanic', 'Multi-Colored', 'Black', 10);

-- --------------------------------------------------------

--
-- Table structure for table `MissingChildReport`
--

CREATE TABLE `MissingChildReport` (
  `missingChildNo` int(11) NOT NULL,
  `ReportNo` int(11) NOT NULL,
  `dateReported` date NOT NULL,
  `missingDate` date NOT NULL,
  `whoReported` varchar(50) DEFAULT NULL,
  `cause` varchar(255) NOT NULL,
  `lastSeen` varchar(255) DEFAULT NULL,
  `ContactInfoID` int(11) NOT NULL,
  `ReleaseID` int(11) NOT NULL
) ENGINE=MyISAM DEFAULT CHARSET=latin1;

--
-- Dumping data for table `MissingChildReport`
--

INSERT INTO `MissingChildReport` (`missingChildNo`, `ReportNo`, `dateReported`, `missingDate`, `whoReported`, `cause`, `lastSeen`, `ContactInfoID`, `ReleaseID`) VALUES
(1, 1, '2019-01-05', '2019-01-02', 'Naruto', 'RunAway', '2019-01-02', 1, 1),
(2, 1, '2018-02-12', '2018-02-10', 'Jimmy', 'RunAway', '2018-02-12', 2, 2),
(3, 1, '2017-05-26', '2017-05-25', 'Mom', 'Didnt come home from school', '2017-05-25', 3, 3),
(4, 1, '2017-10-25', '2017-10-22', NULL, '', '2017-10-22', 4, 4),
(5, 1, '2015-10-05', '2015-10-02', NULL, '', '2015-10-02', 5, 5),
(6, 1, '2012-02-13', '2012-02-10', NULL, '', '2012-02-11', 6, 6),
(7, 1, '2015-03-05', '2015-03-02', NULL, '', '2015-03-02', 7, 7),
(8, 1, '2016-12-12', '2016-12-02', NULL, '', '2016-12-02', 8, 8),
(9, 1, '2017-10-03', '2017-10-02', NULL, '', '2017-10-02', 9, 9),
(10, 1, '2016-02-15', '2016-02-10', NULL, '', '2012-02-10', 10, 10);

-- --------------------------------------------------------

--
-- Table structure for table `Model`
--

CREATE TABLE `Model` (
  `ModelCode` varchar(50) NOT NULL
) ENGINE=MyISAM DEFAULT CHARSET=latin1;

--
-- Dumping data for table `Model`
--

INSERT INTO `Model` (`ModelCode`) VALUES
('Accord'),
('Civic'),
('Forester'),
('Impreza'),
('OutBack');

-- --------------------------------------------------------

--
-- Table structure for table `Operator`
--

CREATE TABLE `Operator` (
  `OperatorCode` varchar(20) NOT NULL
) ENGINE=MyISAM DEFAULT CHARSET=latin1;

--
-- Dumping data for table `Operator`
--

INSERT INTO `Operator` (`OperatorCode`) VALUES
('Driver'),
('InTrunk'),
('Passenger');

-- --------------------------------------------------------

--
-- Table structure for table `Organization`
--

CREATE TABLE `Organization` (
  `OrginzationNo` int(11) NOT NULL,
  `name` varchar(50) NOT NULL,
  `info` varchar(255) DEFAULT NULL,
  `AddressID` int(11) NOT NULL
) ENGINE=MyISAM DEFAULT CHARSET=latin1;

--
-- Dumping data for table `Organization`
--

INSERT INTO `Organization` (`OrginzationNo`, `name`, `info`, `AddressID`) VALUES
(1, 'National Center for Missing & Exploited Children', NULL, 5),
(2, 'Child Protection Division', 'Office of Juvenile Justice and Delinquency & Office of Justice Programs', 6),
(3, 'Office for Victims of Crime', 'Office of Justice Programs', 7),
(4, 'Federal Bureau of Investigation', 'See the front of your local telephone book for the\r\nnumber of your local FBI Field Office.', 8),
(5, 'FBI Headquarters', 'Special Investigations and Initiatives Unit\r\nCrimes Against Children Unit', 9),
(6, 'Association of Missing and Exploited Children’s Or', 'Internet: www.amecoinc.org', 9),
(7, 'Team H.O.P .E.', 'Internet: www.teamhope.org\r\nor contact NCMEC at 800–843–5678', 9),
(8, 'Missing Children Help Org', NULL, 3),
(9, 'Find The Children', NULL, 4),
(10, 'International Centre for Missing & Exploited Child', NULL, 4);

-- --------------------------------------------------------

--
-- Table structure for table `Photo`
--

CREATE TABLE `Photo` (
  `photoNo` int(11) NOT NULL,
  `photoDate` date NOT NULL,
  `description` varchar(255) DEFAULT NULL,
  `image` blob NOT NULL,
  `abductorNo` int(11) DEFAULT NULL,
  `MissingChildNo` int(11) DEFAULT NULL
) ENGINE=MyISAM DEFAULT CHARSET=latin1;

--
-- Dumping data for table `Photo`
--

INSERT INTO `Photo` (`photoNo`, `photoDate`, `description`, `image`, `abductorNo`, `MissingChildNo`) VALUES
(1, '2019-05-19', 'Unknown Child Photo', 0xffd8ffe000104a46494600010101007800780000ffe110f24578696600004d4d002a000000080004013b00020000000d0000084a8769000400000001000008589c9d00010000001a000010d0ea1c00070000080c0000003e000000001cea0000000800000000000000000000000000000000000000000000000000000000000000000000000000000000000000000000000000000000000000000000000000000000000000000000000000000000000000000000000000000000000000000000000000000000000000000000000000000000000000000000000000000000000000000000000000000000000000000000000000000000000000000000000000000000000000000000000000000000000000000000000000000000000000000000000000000000000000000000000000000000000000000000000000000000000000000000000000000000000000000000000000000000000000000000000000000000000000000000000000000000000000000000000000000000000000000000000000000000000000000000000000000000000000000000000000000000000000000000000000000000000000000000000000000000000000000000000000000000000000000000000000000000000000000000000000000000000000000000000000000000000000000000000000000000000000000000000000000000000000000000000000000000000000000000000000000000000000000000000000000000000000000000000000000000000000000000000000000000000000000000000000000000000000000000000000000000000000000000000000000000000000000000000000000000000000000000000000000000000000000000000000000000000000000000000000000000000000000000000000000000000000000000000000000000000000000000000000000000000000000000000000000000000000000000000000000000000000000000000000000000000000000000000000000000000000000000000000000000000000000000000000000000000000000000000000000000000000000000000000000000000000000000000000000000000000000000000000000000000000000000000000000000000000000000000000000000000000000000000000000000000000000000000000000000000000000000000000000000000000000000000000000000000000000000000000000000000000000000000000000000000000000000000000000000000000000000000000000000000000000000000000000000000000000000000000000000000000000000000000000000000000000000000000000000000000000000000000000000000000000000000000000000000000000000000000000000000000000000000000000000000000000000000000000000000000000000000000000000000000000000000000000000000000000000000000000000000000000000000000000000000000000000000000000000000000000000000000000000000000000000000000000000000000000000000000000000000000000000000000000000000000000000000000000000000000000000000000000000000000000000000000000000000000000000000000000000000000000000000000000000000000000000000000000000000000000000000000000000000000000000000000000000000000000000000000000000000000000000000000000000000000000000000000000000000000000000000000000000000000000000000000000000000000000000000000000000000000000000000000000000000000000000000000000000000000000000000000000000000000000000000000000000000000000000000000000000000000000000000000000000000000000000000000000000000000000000000000000000000000000000000000000000000000000000000000000000000000000000000000000000000000000000000000000000000000000000000000000000000000000000000000000000000000000000000000000000000000000000000000000000000000000000000000000000000000000000000000000000000000000000000000000000000000000000000000000000000000000000000000000000000000000000000000000000000000000000000000000000000000000000000000000000000000000000000000000000000000000000000000000000000000000000000000000000000000000000000000000000000000000000000000000000000000000000000000000000000000000000000000000000000000000000000000000000000000000000000000000000000000000000000000000000000000000000000000000000000000000000000000000000000000000000000000000000000000000000000000000000000000000000000000000000000000000000000000000000000000000000000000000000000000000000000000000000000000000000000000000000000000000000000000000000000000000000000000000000000000000000000000000000000000000000000000000000000000000000000000000000000000000000000000000000000000000000000000000000000000000000000000000000000000000000000000000000000000000000000000000000000000000000000000000000000000000000000000000000000000000000000000000000000000000000000000000000000000000000000000000000000000000000000000000000000000000000000000000000000000000000000000000000000000000000000000000000000000000000000000000000000000000000000000000000000000000000000000000000000000000000000000000000000000000000000000000000000000000000000000000000000000000000000000000000000000000000000000004d6f68616d65642041626469000000059003000200000014000010a69004000200000014000010ba929100020000000337370000929200020000000337370000ea1c00070000080c0000089a000000001cea000000080000000000000000000000000000000000000000000000000000000000000000000000000000000000000000000000000000000000000000000000000000000000000000000000000000000000000000000000000000000000000000000000000000000000000000000000000000000000000000000000000000000000000000000000000000000000000000000000000000000000000000000000000000000000000000000000000000000000000000000000000000000000000000000000000000000000000000000000000000000000000000000000000000000000000000000000000000000000000000000000000000000000000000000000000000000000000000000000000000000000000000000000000000000000000000000000000000000000000000000000000000000000000000000000000000000000000000000000000000000000000000000000000000000000000000000000000000000000000000000000000000000000000000000000000000000000000000000000000000000000000000000000000000000000000000000000000000000000000000000000000000000000000000000000000000000000000000000000000000000000000000000000000000000000000000000000000000000000000000000000000000000000000000000000000000000000000000000000000000000000000000000000000000000000000000000000000000000000000000000000000000000000000000000000000000000000000000000000000000000000000000000000000000000000000000000000000000000000000000000000000000000000000000000000000000000000000000000000000000000000000000000000000000000000000000000000000000000000000000000000000000000000000000000000000000000000000000000000000000000000000000000000000000000000000000000000000000000000000000000000000000000000000000000000000000000000000000000000000000000000000000000000000000000000000000000000000000000000000000000000000000000000000000000000000000000000000000000000000000000000000000000000000000000000000000000000000000000000000000000000000000000000000000000000000000000000000000000000000000000000000000000000000000000000000000000000000000000000000000000000000000000000000000000000000000000000000000000000000000000000000000000000000000000000000000000000000000000000000000000000000000000000000000000000000000000000000000000000000000000000000000000000000000000000000000000000000000000000000000000000000000000000000000000000000000000000000000000000000000000000000000000000000000000000000000000000000000000000000000000000000000000000000000000000000000000000000000000000000000000000000000000000000000000000000000000000000000000000000000000000000000000000000000000000000000000000000000000000000000000000000000000000000000000000000000000000000000000000000000000000000000000000000000000000000000000000000000000000000000000000000000000000000000000000000000000000000000000000000000000000000000000000000000000000000000000000000000000000000000000000000000000000000000000000000000000000000000000000000000000000000000000000000000000000000000000000000000000000000000000000000000000000000000000000000000000000000000000000000000000000000000000000000000000000000000000000000000000000000000000000000000000000000000000000000000000000000000000000000000000000000000000000000000000000000000000000000000000000000000000000000000000000000000000000000000000000000000000000000000000000000000000000000000000000000000000000000000000000000000000000000000000000000000000000000000000000000000000000000000000000000000000000000000000000000000000000000000000000000000000000000000000000000000000000000000000000000000000000000000000000000000000000000000000000000000000000000000000000000000000000000000000000000000000000000000000000000000000000000000000000000000000000000000000000000000000000000000000000000000000000000000000000000000000000000000000000000000000000000000000000000000000000000000000000000000000000000000000000000000000000000000000000000000000000000000000000000000000000000000000000000000000000000000000000000000000000000000000000000000000000000000000000000000000000000000000000000000000000000000000000000000000000000000000000000000000000000000000000000000000000000000000000000000000000000000000000000000000000000000000000000000000000000000000000000000000000000000000000000000000000000000000000000000000000000000000000000000000000000000000000000000000000000000000000000000000000000000000000000000000000000000000000000000000000000000000000000000000000000000000000000000000000000000000000000000323031393a30363a31332030303a34353a313700323031393a30363a31332030303a34353a31370000004d006f00680061006d0065006400200041006200640069000000ffe10b1f687474703a2f2f6e732e61646f62652e636f6d2f7861702f312e302f003c3f787061636b657420626567696e3d27efbbbf272069643d2757354d304d7043656869487a7265537a4e54637a6b633964273f3e0d0a3c783a786d706d65746120786d6c6e733a783d2261646f62653a6e733a6d6574612f223e3c7264663a52444620786d6c6e733a7264663d22687474703a2f2f7777772e77332e6f72672f313939392f30322f32322d7264662d73796e7461782d6e7323223e3c7264663a4465736372697074696f6e207264663a61626f75743d22757569643a66616635626464352d626133642d313164612d616433312d6433336437353138326631622220786d6c6e733a64633d22687474703a2f2f7075726c2e6f72672f64632f656c656d656e74732f312e312f222f3e3c7264663a4465736372697074696f6e207264663a61626f75743d22757569643a66616635626464352d626133642d313164612d616433312d6433336437353138326631622220786d6c6e733a786d703d22687474703a2f2f6e732e61646f62652e636f6d2f7861702f312e302f223e3c786d703a437265617465446174653e323031392d30362d31335430303a34353a31372e3736353c2f786d703a437265617465446174653e3c2f7264663a4465736372697074696f6e3e3c7264663a4465736372697074696f6e207264663a61626f75743d22757569643a66616635626464352d626133642d313164612d616433312d6433336437353138326631622220786d6c6e733a64633d22687474703a2f2f7075726c2e6f72672f64632f656c656d656e74732f312e312f223e3c64633a63726561746f723e3c7264663a53657120786d6c6e733a7264663d22687474703a2f2f7777772e77332e6f72672f313939392f30322f32322d7264662d73796e7461782d6e7323223e3c7264663a6c693e4d6f68616d656420416264693c2f7264663a6c693e3c2f7264663a5365713e0d0a0909093c2f64633a63726561746f723e3c2f7264663a4465736372697074696f6e3e3c2f7264663a5244463e3c2f783a786d706d6574613e0d0a202020202020202020202020202020202020202020202020202020202020202020202020202020202020202020202020202020202020202020202020202020202020202020202020202020202020202020202020202020202020202020202020202020200a202020202020202020202020202020202020202020202020202020202020202020202020202020202020202020202020202020202020202020202020202020202020202020202020202020202020202020202020202020202020202020202020202020200a202020202020202020202020202020202020202020202020202020202020202020202020202020202020202020202020202020202020202020202020202020202020202020202020202020202020202020202020202020202020202020202020202020200a202020202020202020202020202020202020202020202020202020202020202020202020202020202020202020202020202020202020202020202020202020202020202020202020202020202020202020202020202020202020202020202020202020200a202020202020202020202020202020202020202020202020202020202020202020202020202020202020202020202020202020202020202020202020202020202020202020202020202020202020202020202020202020202020202020202020202020200a202020202020202020202020202020202020202020202020202020202020202020202020202020202020202020202020202020202020202020202020202020202020202020202020202020202020202020202020202020202020202020202020202020200a202020202020202020202020202020202020202020202020202020202020202020202020202020202020202020202020202020202020202020202020202020202020202020202020202020202020202020202020202020202020202020202020202020200a202020202020202020202020202020202020202020202020202020202020202020202020202020202020202020202020202020202020202020202020202020202020202020202020202020202020202020202020202020202020202020202020202020200a202020202020202020202020202020202020202020202020202020202020202020202020202020202020202020202020202020202020202020202020202020202020202020202020202020202020202020202020202020202020202020202020202020200a202020202020202020202020202020202020202020202020202020202020202020202020202020202020202020202020202020202020202020202020202020202020202020202020202020202020202020202020202020202020202020202020202020200a202020202020202020202020202020202020202020202020202020202020202020202020202020202020202020202020202020202020202020202020202020202020202020202020202020202020202020202020202020202020202020202020202020200a202020202020202020202020202020202020202020202020202020202020202020202020202020202020202020202020202020202020202020202020202020202020202020202020202020202020202020202020202020202020202020202020202020200a202020202020202020202020202020202020202020202020202020202020202020202020202020202020202020202020202020202020202020202020202020202020202020202020202020202020202020202020202020202020202020202020202020200a202020202020202020202020202020202020202020202020202020202020202020202020202020202020202020202020202020202020202020202020202020202020202020202020202020202020202020202020202020202020202020202020202020200a202020202020202020202020202020202020202020202020202020202020202020202020202020202020202020202020202020202020202020202020202020202020202020202020202020202020202020202020202020202020202020202020202020200a202020202020202020202020202020202020202020202020202020202020202020202020202020202020202020202020202020202020202020202020202020202020202020202020202020202020202020202020202020202020202020202020202020200a202020202020202020202020202020202020202020202020202020202020202020202020202020202020202020202020202020202020202020202020202020202020202020202020202020202020202020202020202020202020202020202020202020200a202020202020202020202020202020202020202020202020202020202020202020202020202020202020202020202020202020202020202020202020202020202020202020202020202020202020202020202020202020202020202020202020202020200a202020202020202020202020202020202020202020202020202020202020202020202020202020202020202020202020202020202020202020202020202020202020202020202020202020202020202020202020202020202020202020202020202020200a202020202020202020202020202020202020202020202020202020202020202020202020202020202020202020202020202020202020202020202020202020202020202020202020202020202020202020202020202020202020202020202020202020200a202020202020202020202020202020202020202020202020202020203c3f787061636b657420656e643d2777273f3effdb00430007050506050407060506080707080a110b0a09090a150f100c1118151a19181518171b1e27211b1d251d1718222e222528292b2c2b1a202f332f2a32272a2b2affdb0043010708080a090a140b0b142a1c181c2a2a2a2a2a2a2a2a2a2a2a2a2a2a2a2a2a2a2a2a2a2a2a2a2a2a2a2a2a2a2a2a2a2a2a2a2a2a2a2a2a2a2a2a2a2a2a2a2a2affc00011080049003903012200021101031101ffc4001f0000010501010101010100000000000000000102030405060708090a0bffc400b5100002010303020403050504040000017d01020300041105122131410613516107227114328191a1082342b1c11552d1f02433627282090a161718191a25262728292a3435363738393a434445464748494a535455565758595a636465666768696a737475767778797a838485868788898a92939495969798999aa2a3a4a5a6a7a8a9aab2b3b4b5b6b7b8b9bac2c3c4c5c6c7c8c9cad2d3d4d5d6d7d8d9dae1e2e3e4e5e6e7e8e9eaf1f2f3f4f5f6f7f8f9faffc4001f0100030101010101010101010000000000000102030405060708090a0bffc400b51100020102040403040705040400010277000102031104052131061241510761711322328108144291a1b1c109233352f0156272d10a162434e125f11718191a262728292a35363738393a434445464748494a535455565758595a636465666768696a737475767778797a82838485868788898a92939495969798999aa2a3a4a5a6a7a8a9aab2b3b4b5b6b7b8b9bac2c3c4c5c6c7c8c9cad2d3d4d5d6d7d8d9dae2e3e4e5e6e7e8e9eaf2f3f4f5f6f7f8f9faffda000c03010002110311003f00b7a8fc62d7adb58bcb74b0d20a433ba296b662480c473f35407e337887b69fa3ff00e02b7ff155c56b2bff00151ea5ff005f72ff00e866b366bc484ed5f9dbbfa0afa09468d3a7cd347ceaa95ead5e5833d263f8c7e219318d3f4739e98b56ff00e2aa46f8c3af038361a40ffb753ffc557959d55e35d91fca076cd02f51a20d31cb7619af37eb70bfc07a4f0751ff00cbc68f4fb8f8b3ad5c4623bad2b459554ee0af6848cfafdea53f19bc42700d8690428c0cdab703d3ef579aa5dc8ca0a386c7043773e82ad21f31738da41c115db46ae1aae96b3382b53c55057e6ba3be3f19bc4007fc83f47ffc056ffe2aae7fc2ded77fe81fa47fe02b7ff155e6cc80ad68797ef5b4e8413d11853c4ce4b5914fc492791acea8fe9752e3fefb35cba4a4b92e7a9aeabc4f199f56d5114e0fdaa5ff00d0cd71c41048ae2cc39bddec7a39772b527d4d0445909c741d7de98d1b331d8b8029f616f2dc9115ba348c4f40335dce9ff0e7559ec0dd4ad0db851bb6cad5e3b9729ed429396c703e44aae101200e6aed9dfb44ca928dc0f03dabb7d23c27606e3cdd4ae565453f32420b64fb9e9591e2fd1a387c428d69185864019020e38aaa336ea24855e928d29391548c8e3d2afe2a930daa6b43757d734ec8f868bbc9b456d687fc543a97fd7d4bff00a19acfd3b47827d69166e23901e95a3ac7fc8c1a97fd7d4bff00a19aad048f15f40ea33b4e2b8731a4e5874d743d7caaaa8e2dc25d4edb46f08ba488a520fb3ab64fc99247d6ba5d19a2f26eaccfcd14526d19f4a6e99ab98b47590c447cb8c91deb3bc3cf76ad76b25b9c4d26e59370c57c8b6f767ddc2296c6d0d0e54bb7945dbf9048221006d02b9bf175a4424370060c5115518ee70335d90bc954ec8d77a94fcab81f195f1370b097c679619aedc0d3752ba48f3332a91a3859bee725b739cd68f96b59d238fe1e957b70afb49c4fce69f335a15b586c6bfa91ff00a7b97ff43354e2dd24812304c99ca81d734df10df797e21d4953afdae5ff00d0cd6225f4d05d09d18ee079f71e95e5e231b18d3e48ea7bb87cbe4eafb49bb6a7abf87bc516d75a4c96b7c541fba430ef5d1e99a54023051d4c6dcf5eb5e5fa2693fdb31192c5c063d467a1f4aeb34dd2bc416cc21690f943df8af95968db3ed29cda8a475d7b7f0dac060b50095e3e5ed5e67e23b79e3d48c93f025e509ef5e806da1d36c5eef52995428cb331e95e45e27f1136b3ab192dcb2db467112fb7ad7760ab3a153992b9e766542389a5c8dd98f391d6b4b3ed5cdc3a81231275f5adafb627a9afa2faed292bb3e49e02ac1d9ab987e207cf89b541ff004f92ff00e866b30e6b5b5eff00919f54ff00afc97ff43354bbd7816d2e7d2deeec2e9fa85de9b7427b199e1907753d7eb5d7c3f1535d48446eb6ee718de579ae46917ad67248d63371d11a1acf89b54d75b76a172cebd917851f85648356076a61ea685a1126e5ab222d5adbcd669ad4aa214ae8ffd9, NULL, 1),
(2, '2019-05-19', 'Unknown Child Photo', 0xffd8ffe000104a46494600010101007800780000ffe110f24578696600004d4d002a000000080004013b00020000000d0000084a8769000400000001000008589c9d00010000001a000010d0ea1c00070000080c0000003e000000001cea0000000800000000000000000000000000000000000000000000000000000000000000000000000000000000000000000000000000000000000000000000000000000000000000000000000000000000000000000000000000000000000000000000000000000000000000000000000000000000000000000000000000000000000000000000000000000000000000000000000000000000000000000000000000000000000000000000000000000000000000000000000000000000000000000000000000000000000000000000000000000000000000000000000000000000000000000000000000000000000000000000000000000000000000000000000000000000000000000000000000000000000000000000000000000000000000000000000000000000000000000000000000000000000000000000000000000000000000000000000000000000000000000000000000000000000000000000000000000000000000000000000000000000000000000000000000000000000000000000000000000000000000000000000000000000000000000000000000000000000000000000000000000000000000000000000000000000000000000000000000000000000000000000000000000000000000000000000000000000000000000000000000000000000000000000000000000000000000000000000000000000000000000000000000000000000000000000000000000000000000000000000000000000000000000000000000000000000000000000000000000000000000000000000000000000000000000000000000000000000000000000000000000000000000000000000000000000000000000000000000000000000000000000000000000000000000000000000000000000000000000000000000000000000000000000000000000000000000000000000000000000000000000000000000000000000000000000000000000000000000000000000000000000000000000000000000000000000000000000000000000000000000000000000000000000000000000000000000000000000000000000000000000000000000000000000000000000000000000000000000000000000000000000000000000000000000000000000000000000000000000000000000000000000000000000000000000000000000000000000000000000000000000000000000000000000000000000000000000000000000000000000000000000000000000000000000000000000000000000000000000000000000000000000000000000000000000000000000000000000000000000000000000000000000000000000000000000000000000000000000000000000000000000000000000000000000000000000000000000000000000000000000000000000000000000000000000000000000000000000000000000000000000000000000000000000000000000000000000000000000000000000000000000000000000000000000000000000000000000000000000000000000000000000000000000000000000000000000000000000000000000000000000000000000000000000000000000000000000000000000000000000000000000000000000000000000000000000000000000000000000000000000000000000000000000000000000000000000000000000000000000000000000000000000000000000000000000000000000000000000000000000000000000000000000000000000000000000000000000000000000000000000000000000000000000000000000000000000000000000000000000000000000000000000000000000000000000000000000000000000000000000000000000000000000000000000000000000000000000000000000000000000000000000000000000000000000000000000000000000000000000000000000000000000000000000000000000000000000000000000000000000000000000000000000000000000000000000000000000000000000000000000000000000000000000000000000000000000000000000000000000000000000000000000000000000000000000000000000000000000000000000000000000000000000000000000000000000000000000000000000000000000000000000000000000000000000000000000000000000000000000000000000000000000000000000000000000000000000000000000000000000000000000000000000000000000000000000000000000000000000000000000000000000000000000000000000000000000000000000000000000000000000000000000000000000000000000000000000000000000000000000000000000000000000000000000000000000000000000000000000000000000000000000000000000000000000000000000000000000000000000000000000000000000000000000000000000000000000000000000000000000000000000000000000000000000000000000000000000000000000000000000000000000000000000000000000000000000000000000000000000000000000000000000000000000000000000000000000000000000000000000000000000000000000000000000000000000000000000000000000000000000000000000000000000000000000000000000000000000000000000000000000000000000000000000000000000000000000000000000000000000000000000000000000000000000000000000000000000000000000000000000000000000000000000000000000000000000000000000000000000000000000000000000000000000000004d6f68616d65642041626469000000059003000200000014000010a69004000200000014000010ba929100020000000338390000929200020000000338390000ea1c00070000080c0000089a000000001cea000000080000000000000000000000000000000000000000000000000000000000000000000000000000000000000000000000000000000000000000000000000000000000000000000000000000000000000000000000000000000000000000000000000000000000000000000000000000000000000000000000000000000000000000000000000000000000000000000000000000000000000000000000000000000000000000000000000000000000000000000000000000000000000000000000000000000000000000000000000000000000000000000000000000000000000000000000000000000000000000000000000000000000000000000000000000000000000000000000000000000000000000000000000000000000000000000000000000000000000000000000000000000000000000000000000000000000000000000000000000000000000000000000000000000000000000000000000000000000000000000000000000000000000000000000000000000000000000000000000000000000000000000000000000000000000000000000000000000000000000000000000000000000000000000000000000000000000000000000000000000000000000000000000000000000000000000000000000000000000000000000000000000000000000000000000000000000000000000000000000000000000000000000000000000000000000000000000000000000000000000000000000000000000000000000000000000000000000000000000000000000000000000000000000000000000000000000000000000000000000000000000000000000000000000000000000000000000000000000000000000000000000000000000000000000000000000000000000000000000000000000000000000000000000000000000000000000000000000000000000000000000000000000000000000000000000000000000000000000000000000000000000000000000000000000000000000000000000000000000000000000000000000000000000000000000000000000000000000000000000000000000000000000000000000000000000000000000000000000000000000000000000000000000000000000000000000000000000000000000000000000000000000000000000000000000000000000000000000000000000000000000000000000000000000000000000000000000000000000000000000000000000000000000000000000000000000000000000000000000000000000000000000000000000000000000000000000000000000000000000000000000000000000000000000000000000000000000000000000000000000000000000000000000000000000000000000000000000000000000000000000000000000000000000000000000000000000000000000000000000000000000000000000000000000000000000000000000000000000000000000000000000000000000000000000000000000000000000000000000000000000000000000000000000000000000000000000000000000000000000000000000000000000000000000000000000000000000000000000000000000000000000000000000000000000000000000000000000000000000000000000000000000000000000000000000000000000000000000000000000000000000000000000000000000000000000000000000000000000000000000000000000000000000000000000000000000000000000000000000000000000000000000000000000000000000000000000000000000000000000000000000000000000000000000000000000000000000000000000000000000000000000000000000000000000000000000000000000000000000000000000000000000000000000000000000000000000000000000000000000000000000000000000000000000000000000000000000000000000000000000000000000000000000000000000000000000000000000000000000000000000000000000000000000000000000000000000000000000000000000000000000000000000000000000000000000000000000000000000000000000000000000000000000000000000000000000000000000000000000000000000000000000000000000000000000000000000000000000000000000000000000000000000000000000000000000000000000000000000000000000000000000000000000000000000000000000000000000000000000000000000000000000000000000000000000000000000000000000000000000000000000000000000000000000000000000000000000000000000000000000000000000000000000000000000000000000000000000000000000000000000000000000000000000000000000000000000000000000000000000000000000000000000000000000000000000000000000000000000000000000000000000000000000000000000000000000000000000000000000000000000000000000000000000000000000000000000000000000000000000000000000000000000000000000000000000000000000000000000000000000000000000000000000000000000000000000000000000000000000000000000000000000000000000000000000000000000000000000000000000000000000000000000000000000000000000000000000000000000000000000000000000000000000000000000000000000000000000000000000000000000000000000000000000000000000000000000000000000000000000000000000000000000000000000000000000323031393a30363a31332030303a35303a333000323031393a30363a31332030303a35303a33300000004d006f00680061006d0065006400200041006200640069000000ffe10b1f687474703a2f2f6e732e61646f62652e636f6d2f7861702f312e302f003c3f787061636b657420626567696e3d27efbbbf272069643d2757354d304d7043656869487a7265537a4e54637a6b633964273f3e0d0a3c783a786d706d65746120786d6c6e733a783d2261646f62653a6e733a6d6574612f223e3c7264663a52444620786d6c6e733a7264663d22687474703a2f2f7777772e77332e6f72672f313939392f30322f32322d7264662d73796e7461782d6e7323223e3c7264663a4465736372697074696f6e207264663a61626f75743d22757569643a66616635626464352d626133642d313164612d616433312d6433336437353138326631622220786d6c6e733a64633d22687474703a2f2f7075726c2e6f72672f64632f656c656d656e74732f312e312f222f3e3c7264663a4465736372697074696f6e207264663a61626f75743d22757569643a66616635626464352d626133642d313164612d616433312d6433336437353138326631622220786d6c6e733a786d703d22687474703a2f2f6e732e61646f62652e636f6d2f7861702f312e302f223e3c786d703a437265617465446174653e323031392d30362d31335430303a35303a33302e3838393c2f786d703a437265617465446174653e3c2f7264663a4465736372697074696f6e3e3c7264663a4465736372697074696f6e207264663a61626f75743d22757569643a66616635626464352d626133642d313164612d616433312d6433336437353138326631622220786d6c6e733a64633d22687474703a2f2f7075726c2e6f72672f64632f656c656d656e74732f312e312f223e3c64633a63726561746f723e3c7264663a53657120786d6c6e733a7264663d22687474703a2f2f7777772e77332e6f72672f313939392f30322f32322d7264662d73796e7461782d6e7323223e3c7264663a6c693e4d6f68616d656420416264693c2f7264663a6c693e3c2f7264663a5365713e0d0a0909093c2f64633a63726561746f723e3c2f7264663a4465736372697074696f6e3e3c2f7264663a5244463e3c2f783a786d706d6574613e0d0a202020202020202020202020202020202020202020202020202020202020202020202020202020202020202020202020202020202020202020202020202020202020202020202020202020202020202020202020202020202020202020202020202020200a202020202020202020202020202020202020202020202020202020202020202020202020202020202020202020202020202020202020202020202020202020202020202020202020202020202020202020202020202020202020202020202020202020200a202020202020202020202020202020202020202020202020202020202020202020202020202020202020202020202020202020202020202020202020202020202020202020202020202020202020202020202020202020202020202020202020202020200a202020202020202020202020202020202020202020202020202020202020202020202020202020202020202020202020202020202020202020202020202020202020202020202020202020202020202020202020202020202020202020202020202020200a202020202020202020202020202020202020202020202020202020202020202020202020202020202020202020202020202020202020202020202020202020202020202020202020202020202020202020202020202020202020202020202020202020200a202020202020202020202020202020202020202020202020202020202020202020202020202020202020202020202020202020202020202020202020202020202020202020202020202020202020202020202020202020202020202020202020202020200a202020202020202020202020202020202020202020202020202020202020202020202020202020202020202020202020202020202020202020202020202020202020202020202020202020202020202020202020202020202020202020202020202020200a202020202020202020202020202020202020202020202020202020202020202020202020202020202020202020202020202020202020202020202020202020202020202020202020202020202020202020202020202020202020202020202020202020200a202020202020202020202020202020202020202020202020202020202020202020202020202020202020202020202020202020202020202020202020202020202020202020202020202020202020202020202020202020202020202020202020202020200a202020202020202020202020202020202020202020202020202020202020202020202020202020202020202020202020202020202020202020202020202020202020202020202020202020202020202020202020202020202020202020202020202020200a202020202020202020202020202020202020202020202020202020202020202020202020202020202020202020202020202020202020202020202020202020202020202020202020202020202020202020202020202020202020202020202020202020200a202020202020202020202020202020202020202020202020202020202020202020202020202020202020202020202020202020202020202020202020202020202020202020202020202020202020202020202020202020202020202020202020202020200a202020202020202020202020202020202020202020202020202020202020202020202020202020202020202020202020202020202020202020202020202020202020202020202020202020202020202020202020202020202020202020202020202020200a202020202020202020202020202020202020202020202020202020202020202020202020202020202020202020202020202020202020202020202020202020202020202020202020202020202020202020202020202020202020202020202020202020200a202020202020202020202020202020202020202020202020202020202020202020202020202020202020202020202020202020202020202020202020202020202020202020202020202020202020202020202020202020202020202020202020202020200a202020202020202020202020202020202020202020202020202020202020202020202020202020202020202020202020202020202020202020202020202020202020202020202020202020202020202020202020202020202020202020202020202020200a202020202020202020202020202020202020202020202020202020202020202020202020202020202020202020202020202020202020202020202020202020202020202020202020202020202020202020202020202020202020202020202020202020200a202020202020202020202020202020202020202020202020202020202020202020202020202020202020202020202020202020202020202020202020202020202020202020202020202020202020202020202020202020202020202020202020202020200a202020202020202020202020202020202020202020202020202020202020202020202020202020202020202020202020202020202020202020202020202020202020202020202020202020202020202020202020202020202020202020202020202020200a202020202020202020202020202020202020202020202020202020202020202020202020202020202020202020202020202020202020202020202020202020202020202020202020202020202020202020202020202020202020202020202020202020200a202020202020202020202020202020202020202020202020202020203c3f787061636b657420656e643d2777273f3effdb00430007050506050407060506080707080a110b0a09090a150f100c1118151a19181518171b1e27211b1d251d1718222e222528292b2c2b1a202f332f2a32272a2b2affdb0043010708080a090a140b0b142a1c181c2a2a2a2a2a2a2a2a2a2a2a2a2a2a2a2a2a2a2a2a2a2a2a2a2a2a2a2a2a2a2a2a2a2a2a2a2a2a2a2a2a2a2a2a2a2a2a2a2a2affc0001108004a003b03012200021101031101ffc4001f0000010501010101010100000000000000000102030405060708090a0bffc400b5100002010303020403050504040000017d01020300041105122131410613516107227114328191a1082342b1c11552d1f02433627282090a161718191a25262728292a3435363738393a434445464748494a535455565758595a636465666768696a737475767778797a838485868788898a92939495969798999aa2a3a4a5a6a7a8a9aab2b3b4b5b6b7b8b9bac2c3c4c5c6c7c8c9cad2d3d4d5d6d7d8d9dae1e2e3e4e5e6e7e8e9eaf1f2f3f4f5f6f7f8f9faffc4001f0100030101010101010101010000000000000102030405060708090a0bffc400b51100020102040403040705040400010277000102031104052131061241510761711322328108144291a1b1c109233352f0156272d10a162434e125f11718191a262728292a35363738393a434445464748494a535455565758595a636465666768696a737475767778797a82838485868788898a92939495969798999aa2a3a4a5a6a7a8a9aab2b3b4b5b6b7b8b9bac2c3c4c5c6c7c8c9cad2d3d4d5d6d7d8d9dae2e3e4e5e6e7e8e9eaf2f3f4f5f6f7f8f9faffda000c03010002110311003f00f6cd4350ba8b519923999555b000ed591ac78b4685a7497ba95f18a241dc8cb1f41ea6ae6ae42ea77049c00c4927b715f317c4df194de26d7da081996c2d18a4499fbc470588f7af3d734a6f53a9d9451bde27f8ede25d46e99346bb92c2d949d8531bdbea71582bf163c78704788eef6938c9dbc7e95c75b5b990827e6c9e4138c5690b491e348221f3b9c11b7bf63fd2ba6365d4cec761a7fc67f1b69b74a6eb537bc43c95954118fc0715edbe14f88d178a74f8e5b5bc2931e1e138c86f6f515f335d59ddd8e05e5a3290bc123af356fc31aa4ba0f892ceee270104837649c0cf534a6aeb460b47aa3eb15d52effe7e1eba0d3a5796c227918b31ce49fa9ae3a09565851d0821941c8aeb749ff905c3f43fccd67464dc9dc734b96e701f13f51934bf0eeb773071208caab0ec4f19fd6be55d3ad9afaf047c924f24d7d43f15f12f87f5a840c9643f9f0457cf9e0cd324bdd761b5507f78e37b63a0acd4b96e6d18b9348f4af077c2eb0bcb48ee6f24255baaa8eb5ea7a6784f41d36054874f8588fe3740c6b9f1aa26836a905bc098418fde49b16996df11cbde2db3e9c304e0491ca196b2a726ddd9df2a4a3a23a6d5745d335080a5cd94320231f320af10f88de0cb3d1a1377a7028378253b0af48f117c438b467108b4691d972371c75af3ff0010f892f3c41a5dcc73dbdbc67cb2ca237248ae95be8615a2944ef3c21abb49a258fdadf32185771fc2bd5746757d2606539041fe66bc274891d34db663c1112e474ed5ecde1190c9e15b263dc37fe866b68c2d2b9e5f3b6ac719e302b71ae5edbc803216da41efc5707e1fd0bfb1bc5b2b041b1d72bc74af43f1169f24de23bc7caaa993a93ec2b12e6cc5a5ddbced297524a938e07a5791372e77ea7b94251e45166edd69165aa5a289e2572477159d6ba1697a245b2dd63dea0ed555002e4e4f15219ef0c2cb698191f29ac39e417b6ff62682ea1bc56c3b6c6dc4f5ce47515a45da2752b735d9a5ab58db5dde93a8a2f973c6155980e08ac7d67c376761a53bdb00cecbb7381f90c5636a66e34fd42dd2eaeaeeee5076c70b46c00fcff9d5cf125cdcd8f85a5b8bd93ca95622523cf20f6aec8f4396bc934c64bae687a3470dbdedc7eff6676e7d3f957aefc3fd56df55f02e9d7b68a4432893683ed230fe95f1679f713446590334adef924fad7d71f066231fc21d0d5ba84973f5f39ebbafa58f9f51b335755890eb172c54677ff4ae3bc65e24d2b4ab13697b2059a500a0ce36fa1aeb3c4b7b06992dedede4823862cb331fa74af98fc71adb78bf577bd23644a708a3a851c026bcce4e69bb9e8464a36b1eb7a1f8897cc5b6ba60bdd49ee3d735d64f6eba85a028126c743ffd7af34d3618eef4f8e37465f2c0456ef80300e6a732ebda3fef74e9fce8c0fbac7b57373252b1ec45368ea25d35ad1deee68e28922f9988eadf8d7947c40d66e7557501c0b62fb768ee00e4fe156f5bf186ada8b791a83ec8c7fcb1878dc7eb5c86ab7334fe6194aac8c36222f48d7d057a145a93b1c98aa35234bda4959195651f9ac6e3854525517fad7d6bf07d8b7c27d149183b65ff00d1cf5f2d5b2a43a7448c32cc49e2bea7f847ff0024af46e31f2cbffa39ebafa9e22dac7867c4ed4ef1fe287882c9ef66921fb46160663b146d1c62b948e00b0c81d4ed65c600e95f6cbd95ac92177b6859cf5631824d1f61b4ff009f587fefd8a5ca8ae677b9f23e8dacebba7d8476d118e58947c8264c91f43d7f0a92e355d5af06dbbb8645ee88368fd2beb5fb1daffcfb43ff007ec527d8ad7fe7da1ffbf62b8eae1632d5687d0e0736747e38297e1fa33e3e914a2931a162064b11580d0ccd360a9dee71193ebd0935f707d8ad7fe7da1ffbf628fb05a7fcfac1ff007ec569428fb36ddee679b664f1ca2947952f3ff808f8ae1b627700a70bf22923afa9afa7fe152edf863a40c630b2ff00e8d7aed7ec369ff3eb0ffdfb152a4691a85445551d001802ba4f04ffd9, NULL, 2);
INSERT INTO `Photo` (`photoNo`, `photoDate`, `description`, `image`, `abductorNo`, `MissingChildNo`) VALUES
(3, '2019-05-19', 'Unknown Child Photo', 0xffd8ffe000104a46494600010101007800780000ffe110f24578696600004d4d002a000000080004013b00020000000d0000084a8769000400000001000008589c9d00010000001a000010d0ea1c00070000080c0000003e000000001cea0000000800000000000000000000000000000000000000000000000000000000000000000000000000000000000000000000000000000000000000000000000000000000000000000000000000000000000000000000000000000000000000000000000000000000000000000000000000000000000000000000000000000000000000000000000000000000000000000000000000000000000000000000000000000000000000000000000000000000000000000000000000000000000000000000000000000000000000000000000000000000000000000000000000000000000000000000000000000000000000000000000000000000000000000000000000000000000000000000000000000000000000000000000000000000000000000000000000000000000000000000000000000000000000000000000000000000000000000000000000000000000000000000000000000000000000000000000000000000000000000000000000000000000000000000000000000000000000000000000000000000000000000000000000000000000000000000000000000000000000000000000000000000000000000000000000000000000000000000000000000000000000000000000000000000000000000000000000000000000000000000000000000000000000000000000000000000000000000000000000000000000000000000000000000000000000000000000000000000000000000000000000000000000000000000000000000000000000000000000000000000000000000000000000000000000000000000000000000000000000000000000000000000000000000000000000000000000000000000000000000000000000000000000000000000000000000000000000000000000000000000000000000000000000000000000000000000000000000000000000000000000000000000000000000000000000000000000000000000000000000000000000000000000000000000000000000000000000000000000000000000000000000000000000000000000000000000000000000000000000000000000000000000000000000000000000000000000000000000000000000000000000000000000000000000000000000000000000000000000000000000000000000000000000000000000000000000000000000000000000000000000000000000000000000000000000000000000000000000000000000000000000000000000000000000000000000000000000000000000000000000000000000000000000000000000000000000000000000000000000000000000000000000000000000000000000000000000000000000000000000000000000000000000000000000000000000000000000000000000000000000000000000000000000000000000000000000000000000000000000000000000000000000000000000000000000000000000000000000000000000000000000000000000000000000000000000000000000000000000000000000000000000000000000000000000000000000000000000000000000000000000000000000000000000000000000000000000000000000000000000000000000000000000000000000000000000000000000000000000000000000000000000000000000000000000000000000000000000000000000000000000000000000000000000000000000000000000000000000000000000000000000000000000000000000000000000000000000000000000000000000000000000000000000000000000000000000000000000000000000000000000000000000000000000000000000000000000000000000000000000000000000000000000000000000000000000000000000000000000000000000000000000000000000000000000000000000000000000000000000000000000000000000000000000000000000000000000000000000000000000000000000000000000000000000000000000000000000000000000000000000000000000000000000000000000000000000000000000000000000000000000000000000000000000000000000000000000000000000000000000000000000000000000000000000000000000000000000000000000000000000000000000000000000000000000000000000000000000000000000000000000000000000000000000000000000000000000000000000000000000000000000000000000000000000000000000000000000000000000000000000000000000000000000000000000000000000000000000000000000000000000000000000000000000000000000000000000000000000000000000000000000000000000000000000000000000000000000000000000000000000000000000000000000000000000000000000000000000000000000000000000000000000000000000000000000000000000000000000000000000000000000000000000000000000000000000000000000000000000000000000000000000000000000000000000000000000000000000000000000000000000000000000000000000000000000000000000000000000000000000000000000000000000000000000000000000000000000000000000000000000000000000000000000000000000000000000000000000000000000000000000000000000000000000000000000000000000000000000000000000000000000000000000000000000000000000000000000000000000000000000000000000000000000000000000000000000000000000000000000000000000000000000000000000000000000004d6f68616d65642041626469000000059003000200000014000010a69004000200000014000010ba929100020000000334310000929200020000000334310000ea1c00070000080c0000089a000000001cea000000080000000000000000000000000000000000000000000000000000000000000000000000000000000000000000000000000000000000000000000000000000000000000000000000000000000000000000000000000000000000000000000000000000000000000000000000000000000000000000000000000000000000000000000000000000000000000000000000000000000000000000000000000000000000000000000000000000000000000000000000000000000000000000000000000000000000000000000000000000000000000000000000000000000000000000000000000000000000000000000000000000000000000000000000000000000000000000000000000000000000000000000000000000000000000000000000000000000000000000000000000000000000000000000000000000000000000000000000000000000000000000000000000000000000000000000000000000000000000000000000000000000000000000000000000000000000000000000000000000000000000000000000000000000000000000000000000000000000000000000000000000000000000000000000000000000000000000000000000000000000000000000000000000000000000000000000000000000000000000000000000000000000000000000000000000000000000000000000000000000000000000000000000000000000000000000000000000000000000000000000000000000000000000000000000000000000000000000000000000000000000000000000000000000000000000000000000000000000000000000000000000000000000000000000000000000000000000000000000000000000000000000000000000000000000000000000000000000000000000000000000000000000000000000000000000000000000000000000000000000000000000000000000000000000000000000000000000000000000000000000000000000000000000000000000000000000000000000000000000000000000000000000000000000000000000000000000000000000000000000000000000000000000000000000000000000000000000000000000000000000000000000000000000000000000000000000000000000000000000000000000000000000000000000000000000000000000000000000000000000000000000000000000000000000000000000000000000000000000000000000000000000000000000000000000000000000000000000000000000000000000000000000000000000000000000000000000000000000000000000000000000000000000000000000000000000000000000000000000000000000000000000000000000000000000000000000000000000000000000000000000000000000000000000000000000000000000000000000000000000000000000000000000000000000000000000000000000000000000000000000000000000000000000000000000000000000000000000000000000000000000000000000000000000000000000000000000000000000000000000000000000000000000000000000000000000000000000000000000000000000000000000000000000000000000000000000000000000000000000000000000000000000000000000000000000000000000000000000000000000000000000000000000000000000000000000000000000000000000000000000000000000000000000000000000000000000000000000000000000000000000000000000000000000000000000000000000000000000000000000000000000000000000000000000000000000000000000000000000000000000000000000000000000000000000000000000000000000000000000000000000000000000000000000000000000000000000000000000000000000000000000000000000000000000000000000000000000000000000000000000000000000000000000000000000000000000000000000000000000000000000000000000000000000000000000000000000000000000000000000000000000000000000000000000000000000000000000000000000000000000000000000000000000000000000000000000000000000000000000000000000000000000000000000000000000000000000000000000000000000000000000000000000000000000000000000000000000000000000000000000000000000000000000000000000000000000000000000000000000000000000000000000000000000000000000000000000000000000000000000000000000000000000000000000000000000000000000000000000000000000000000000000000000000000000000000000000000000000000000000000000000000000000000000000000000000000000000000000000000000000000000000000000000000000000000000000000000000000000000000000000000000000000000000000000000000000000000000000000000000000000000000000000000000000000000000000000000000000000000000000000000000000000000000000000000000000000000000000000000000000000000000000000000000000000000000000000000000000000000000000000000000000000000000000000000000000000000000000000000000000000000000000000000000000000000000000000000000000000000000000000000000000000000000000000000000000000000000000000000000000000000000000000000000000000000000000000000000000000000000000000000000000000000000000000000323031393a30363a31332030303a35303a343900323031393a30363a31332030303a35303a34390000004d006f00680061006d0065006400200041006200640069000000ffe10b1f687474703a2f2f6e732e61646f62652e636f6d2f7861702f312e302f003c3f787061636b657420626567696e3d27efbbbf272069643d2757354d304d7043656869487a7265537a4e54637a6b633964273f3e0d0a3c783a786d706d65746120786d6c6e733a783d2261646f62653a6e733a6d6574612f223e3c7264663a52444620786d6c6e733a7264663d22687474703a2f2f7777772e77332e6f72672f313939392f30322f32322d7264662d73796e7461782d6e7323223e3c7264663a4465736372697074696f6e207264663a61626f75743d22757569643a66616635626464352d626133642d313164612d616433312d6433336437353138326631622220786d6c6e733a64633d22687474703a2f2f7075726c2e6f72672f64632f656c656d656e74732f312e312f222f3e3c7264663a4465736372697074696f6e207264663a61626f75743d22757569643a66616635626464352d626133642d313164612d616433312d6433336437353138326631622220786d6c6e733a786d703d22687474703a2f2f6e732e61646f62652e636f6d2f7861702f312e302f223e3c786d703a437265617465446174653e323031392d30362d31335430303a35303a34392e3430383c2f786d703a437265617465446174653e3c2f7264663a4465736372697074696f6e3e3c7264663a4465736372697074696f6e207264663a61626f75743d22757569643a66616635626464352d626133642d313164612d616433312d6433336437353138326631622220786d6c6e733a64633d22687474703a2f2f7075726c2e6f72672f64632f656c656d656e74732f312e312f223e3c64633a63726561746f723e3c7264663a53657120786d6c6e733a7264663d22687474703a2f2f7777772e77332e6f72672f313939392f30322f32322d7264662d73796e7461782d6e7323223e3c7264663a6c693e4d6f68616d656420416264693c2f7264663a6c693e3c2f7264663a5365713e0d0a0909093c2f64633a63726561746f723e3c2f7264663a4465736372697074696f6e3e3c2f7264663a5244463e3c2f783a786d706d6574613e0d0a202020202020202020202020202020202020202020202020202020202020202020202020202020202020202020202020202020202020202020202020202020202020202020202020202020202020202020202020202020202020202020202020202020200a202020202020202020202020202020202020202020202020202020202020202020202020202020202020202020202020202020202020202020202020202020202020202020202020202020202020202020202020202020202020202020202020202020200a202020202020202020202020202020202020202020202020202020202020202020202020202020202020202020202020202020202020202020202020202020202020202020202020202020202020202020202020202020202020202020202020202020200a202020202020202020202020202020202020202020202020202020202020202020202020202020202020202020202020202020202020202020202020202020202020202020202020202020202020202020202020202020202020202020202020202020200a202020202020202020202020202020202020202020202020202020202020202020202020202020202020202020202020202020202020202020202020202020202020202020202020202020202020202020202020202020202020202020202020202020200a202020202020202020202020202020202020202020202020202020202020202020202020202020202020202020202020202020202020202020202020202020202020202020202020202020202020202020202020202020202020202020202020202020200a202020202020202020202020202020202020202020202020202020202020202020202020202020202020202020202020202020202020202020202020202020202020202020202020202020202020202020202020202020202020202020202020202020200a202020202020202020202020202020202020202020202020202020202020202020202020202020202020202020202020202020202020202020202020202020202020202020202020202020202020202020202020202020202020202020202020202020200a202020202020202020202020202020202020202020202020202020202020202020202020202020202020202020202020202020202020202020202020202020202020202020202020202020202020202020202020202020202020202020202020202020200a202020202020202020202020202020202020202020202020202020202020202020202020202020202020202020202020202020202020202020202020202020202020202020202020202020202020202020202020202020202020202020202020202020200a202020202020202020202020202020202020202020202020202020202020202020202020202020202020202020202020202020202020202020202020202020202020202020202020202020202020202020202020202020202020202020202020202020200a202020202020202020202020202020202020202020202020202020202020202020202020202020202020202020202020202020202020202020202020202020202020202020202020202020202020202020202020202020202020202020202020202020200a202020202020202020202020202020202020202020202020202020202020202020202020202020202020202020202020202020202020202020202020202020202020202020202020202020202020202020202020202020202020202020202020202020200a202020202020202020202020202020202020202020202020202020202020202020202020202020202020202020202020202020202020202020202020202020202020202020202020202020202020202020202020202020202020202020202020202020200a202020202020202020202020202020202020202020202020202020202020202020202020202020202020202020202020202020202020202020202020202020202020202020202020202020202020202020202020202020202020202020202020202020200a202020202020202020202020202020202020202020202020202020202020202020202020202020202020202020202020202020202020202020202020202020202020202020202020202020202020202020202020202020202020202020202020202020200a202020202020202020202020202020202020202020202020202020202020202020202020202020202020202020202020202020202020202020202020202020202020202020202020202020202020202020202020202020202020202020202020202020200a202020202020202020202020202020202020202020202020202020202020202020202020202020202020202020202020202020202020202020202020202020202020202020202020202020202020202020202020202020202020202020202020202020200a202020202020202020202020202020202020202020202020202020202020202020202020202020202020202020202020202020202020202020202020202020202020202020202020202020202020202020202020202020202020202020202020202020200a202020202020202020202020202020202020202020202020202020202020202020202020202020202020202020202020202020202020202020202020202020202020202020202020202020202020202020202020202020202020202020202020202020200a202020202020202020202020202020202020202020202020202020203c3f787061636b657420656e643d2777273f3effdb00430007050506050407060506080707080a110b0a09090a150f100c1118151a19181518171b1e27211b1d251d1718222e222528292b2c2b1a202f332f2a32272a2b2affdb0043010708080a090a140b0b142a1c181c2a2a2a2a2a2a2a2a2a2a2a2a2a2a2a2a2a2a2a2a2a2a2a2a2a2a2a2a2a2a2a2a2a2a2a2a2a2a2a2a2a2a2a2a2a2a2a2a2a2affc00011080046003a03012200021101031101ffc4001f0000010501010101010100000000000000000102030405060708090a0bffc400b5100002010303020403050504040000017d01020300041105122131410613516107227114328191a1082342b1c11552d1f02433627282090a161718191a25262728292a3435363738393a434445464748494a535455565758595a636465666768696a737475767778797a838485868788898a92939495969798999aa2a3a4a5a6a7a8a9aab2b3b4b5b6b7b8b9bac2c3c4c5c6c7c8c9cad2d3d4d5d6d7d8d9dae1e2e3e4e5e6e7e8e9eaf1f2f3f4f5f6f7f8f9faffc4001f0100030101010101010101010000000000000102030405060708090a0bffc400b51100020102040403040705040400010277000102031104052131061241510761711322328108144291a1b1c109233352f0156272d10a162434e125f11718191a262728292a35363738393a434445464748494a535455565758595a636465666768696a737475767778797a82838485868788898a92939495969798999aa2a3a4a5a6a7a8a9aab2b3b4b5b6b7b8b9bac2c3c4c5c6c7c8c9cad2d3d4d5d6d7d8d9dae2e3e4e5e6e7e8e9eaf2f3f4f5f6f7f8f9faffda000c03010002110311003f00f5cb4b269f5192e6f4860b2b6d5ed8cd7422581570a8a3f0ac8d3e4371e631e82461ff008f1a75eea305b00a08cfd6b8206ee9dc66a51dbcb9df1a9fc2b8fd4b4ab1763fba1f956cddeacb9c9c60d537922b81918e69c64d3d0274fddd4c6b1b05b5b8568c7cb9af4af0fdc2bc3b37738e95c0ddc86d63c8fbbea299a578a4dadfa2eec0ce0d7ad4e7ed2163c2ab4fd855535b1eb79c0e69e0f02bcfef7c4d2ed3b5cfb62bb3d3a632e976b237578518fe2a2b394794eda55fda49ab1e3b71e279aee4bb82d6e7c948e7917e53dc31ae6175d9d353daf78d2fcdce5a94f8664d6fedd2d91da4ddcdb82b15fe3353681f0e268af164b8070a78dc724d78fca7d2463ca6f6bf7135a69115d1e11d7835c547afcf2dc6c4bc618edbabd3fc6b676e7c2d05948bb70bc1f4af217f08c8fb88f9831c875ab8593d4ca5194a1748df87c43704f96f2175e87354aeb50306a113afdd661fceb360d127b493e62d81ea6a5b8082ead1666c65f033debb29d4b3b23cdc5615ce3a9e87f6d8e4519c938f4af5bd20e745b123fe7de3ff00d04579241681547d2bd734a18d1ec87fd3ba7fe822b66ee79f4159b47937869c689ab6a5693babff00a548e0fb33135d4c3aa5bbcdbd8858d7ef35790eb5af343e3cbb8d0e16491c1c1f4735da5c5baea3e0e916dee562988ddbc37e95e4f33b9f615210d0e83c59ade937166a8ccadf2e011dab8ed16f6101e2971853c1ae2efdaf2283cb79c9d9d1f3d6acd85d6cb3cb4a3cc2dce78a4dfbd71460a10b1d26b3716e437978f6c572774a8752b69263f2c44301f8d68ab7da97792719c73552fedf3274f4157ed395dcc2bb4d1d8da78aecef2e1608232cc78ebd2bdab4d18d2ad3feb8a7fe822be73f0edaa47ab42c1003b876f7afa3b4f1ff0012cb5ffae29fc8577529a9c6e7cff2725468f987c53e1cbb17773e228b2f0c57d2c6ea0745ddf7bf3a86dac6dae2d7735ddcc60f5092102bdbc68b08d3ae6c2e103a4b248640475dcc4ff5af323a2c3a06b9269d7dcc0df344d9eab5cd38b4ae8f530f8c729b52390bfd162dc0595ddc3291f749cd4fa5f874c1fbdb991a46ec0b574579a2e9c6fbccb6918023ee86e052c823b5872edf28e99358ca4dab1e954c43946c323115ac0bbbee8eb505d10f23363a9cd66ea17c6e0954c841fad6ae936d2dfd9469703cb94f084f43f5acdd294d6879d52ac61f132d68ed1c57d1c8e7e55f989c7415f40e973c73691672c4db91e04653ea0a8c57845ae9777637a82f2dc985b8240c822bddb4b8e28f47b348942c6b020503b0da315e861e0e10b33cd9c94aab68cc9ac9ccf21057963deb81f893e14b9d42d2defad278a39eddf67ce4e181fa0f6a28ad9a4634f49a3884d075a8d3fd75a123d5dbff0089a89fc35ad5ec81ae2e6d4a8e8a1dbff89a28ae5e55a9eab93b17f4cf045e49703cf96d8aaf380cdfe15dae91e1591240f23c476f4009e3f4a28ae8a2958f2b13acf537e7d3e716db14c783c1c93fe15d7584663d36d90e32b0a038fa0a28ae8998e1f767ffd9, NULL, 3),
(4, '2019-05-19', 'Unknown Child Photo', 0xffd8ffe000104a46494600010101007800780000ffe110f24578696600004d4d002a000000080004013b00020000000d0000084a8769000400000001000008589c9d00010000001a000010d0ea1c00070000080c0000003e000000001cea0000000800000000000000000000000000000000000000000000000000000000000000000000000000000000000000000000000000000000000000000000000000000000000000000000000000000000000000000000000000000000000000000000000000000000000000000000000000000000000000000000000000000000000000000000000000000000000000000000000000000000000000000000000000000000000000000000000000000000000000000000000000000000000000000000000000000000000000000000000000000000000000000000000000000000000000000000000000000000000000000000000000000000000000000000000000000000000000000000000000000000000000000000000000000000000000000000000000000000000000000000000000000000000000000000000000000000000000000000000000000000000000000000000000000000000000000000000000000000000000000000000000000000000000000000000000000000000000000000000000000000000000000000000000000000000000000000000000000000000000000000000000000000000000000000000000000000000000000000000000000000000000000000000000000000000000000000000000000000000000000000000000000000000000000000000000000000000000000000000000000000000000000000000000000000000000000000000000000000000000000000000000000000000000000000000000000000000000000000000000000000000000000000000000000000000000000000000000000000000000000000000000000000000000000000000000000000000000000000000000000000000000000000000000000000000000000000000000000000000000000000000000000000000000000000000000000000000000000000000000000000000000000000000000000000000000000000000000000000000000000000000000000000000000000000000000000000000000000000000000000000000000000000000000000000000000000000000000000000000000000000000000000000000000000000000000000000000000000000000000000000000000000000000000000000000000000000000000000000000000000000000000000000000000000000000000000000000000000000000000000000000000000000000000000000000000000000000000000000000000000000000000000000000000000000000000000000000000000000000000000000000000000000000000000000000000000000000000000000000000000000000000000000000000000000000000000000000000000000000000000000000000000000000000000000000000000000000000000000000000000000000000000000000000000000000000000000000000000000000000000000000000000000000000000000000000000000000000000000000000000000000000000000000000000000000000000000000000000000000000000000000000000000000000000000000000000000000000000000000000000000000000000000000000000000000000000000000000000000000000000000000000000000000000000000000000000000000000000000000000000000000000000000000000000000000000000000000000000000000000000000000000000000000000000000000000000000000000000000000000000000000000000000000000000000000000000000000000000000000000000000000000000000000000000000000000000000000000000000000000000000000000000000000000000000000000000000000000000000000000000000000000000000000000000000000000000000000000000000000000000000000000000000000000000000000000000000000000000000000000000000000000000000000000000000000000000000000000000000000000000000000000000000000000000000000000000000000000000000000000000000000000000000000000000000000000000000000000000000000000000000000000000000000000000000000000000000000000000000000000000000000000000000000000000000000000000000000000000000000000000000000000000000000000000000000000000000000000000000000000000000000000000000000000000000000000000000000000000000000000000000000000000000000000000000000000000000000000000000000000000000000000000000000000000000000000000000000000000000000000000000000000000000000000000000000000000000000000000000000000000000000000000000000000000000000000000000000000000000000000000000000000000000000000000000000000000000000000000000000000000000000000000000000000000000000000000000000000000000000000000000000000000000000000000000000000000000000000000000000000000000000000000000000000000000000000000000000000000000000000000000000000000000000000000000000000000000000000000000000000000000000000000000000000000000000000000000000000000000000000000000000000000000000000000000000000000000000000000000000000000000000000000000000000000000000000000000000000000000000000000000000000000000000000000000000000000000000000000000000000000000000000000000000000000000000000000000000000000000000000000000000000000000000000000000000000004d6f68616d65642041626469000000059003000200000014000010a69004000200000014000010ba929100020000000338320000929200020000000338320000ea1c00070000080c0000089a000000001cea000000080000000000000000000000000000000000000000000000000000000000000000000000000000000000000000000000000000000000000000000000000000000000000000000000000000000000000000000000000000000000000000000000000000000000000000000000000000000000000000000000000000000000000000000000000000000000000000000000000000000000000000000000000000000000000000000000000000000000000000000000000000000000000000000000000000000000000000000000000000000000000000000000000000000000000000000000000000000000000000000000000000000000000000000000000000000000000000000000000000000000000000000000000000000000000000000000000000000000000000000000000000000000000000000000000000000000000000000000000000000000000000000000000000000000000000000000000000000000000000000000000000000000000000000000000000000000000000000000000000000000000000000000000000000000000000000000000000000000000000000000000000000000000000000000000000000000000000000000000000000000000000000000000000000000000000000000000000000000000000000000000000000000000000000000000000000000000000000000000000000000000000000000000000000000000000000000000000000000000000000000000000000000000000000000000000000000000000000000000000000000000000000000000000000000000000000000000000000000000000000000000000000000000000000000000000000000000000000000000000000000000000000000000000000000000000000000000000000000000000000000000000000000000000000000000000000000000000000000000000000000000000000000000000000000000000000000000000000000000000000000000000000000000000000000000000000000000000000000000000000000000000000000000000000000000000000000000000000000000000000000000000000000000000000000000000000000000000000000000000000000000000000000000000000000000000000000000000000000000000000000000000000000000000000000000000000000000000000000000000000000000000000000000000000000000000000000000000000000000000000000000000000000000000000000000000000000000000000000000000000000000000000000000000000000000000000000000000000000000000000000000000000000000000000000000000000000000000000000000000000000000000000000000000000000000000000000000000000000000000000000000000000000000000000000000000000000000000000000000000000000000000000000000000000000000000000000000000000000000000000000000000000000000000000000000000000000000000000000000000000000000000000000000000000000000000000000000000000000000000000000000000000000000000000000000000000000000000000000000000000000000000000000000000000000000000000000000000000000000000000000000000000000000000000000000000000000000000000000000000000000000000000000000000000000000000000000000000000000000000000000000000000000000000000000000000000000000000000000000000000000000000000000000000000000000000000000000000000000000000000000000000000000000000000000000000000000000000000000000000000000000000000000000000000000000000000000000000000000000000000000000000000000000000000000000000000000000000000000000000000000000000000000000000000000000000000000000000000000000000000000000000000000000000000000000000000000000000000000000000000000000000000000000000000000000000000000000000000000000000000000000000000000000000000000000000000000000000000000000000000000000000000000000000000000000000000000000000000000000000000000000000000000000000000000000000000000000000000000000000000000000000000000000000000000000000000000000000000000000000000000000000000000000000000000000000000000000000000000000000000000000000000000000000000000000000000000000000000000000000000000000000000000000000000000000000000000000000000000000000000000000000000000000000000000000000000000000000000000000000000000000000000000000000000000000000000000000000000000000000000000000000000000000000000000000000000000000000000000000000000000000000000000000000000000000000000000000000000000000000000000000000000000000000000000000000000000000000000000000000000000000000000000000000000000000000000000000000000000000000000000000000000000000000000000000000000000000000000000000000000000000000000000000000000000000000000000000000000000000000000000000000000000000000000000000000000000000000000000000000000000000000000000000000000000000000000000000000000000000000000000000000000000000000000000000000000000000000000000000000000000000000000000000000000000000000323031393a30363a31332030303a35313a333100323031393a30363a31332030303a35313a33310000004d006f00680061006d0065006400200041006200640069000000ffe10b1f687474703a2f2f6e732e61646f62652e636f6d2f7861702f312e302f003c3f787061636b657420626567696e3d27efbbbf272069643d2757354d304d7043656869487a7265537a4e54637a6b633964273f3e0d0a3c783a786d706d65746120786d6c6e733a783d2261646f62653a6e733a6d6574612f223e3c7264663a52444620786d6c6e733a7264663d22687474703a2f2f7777772e77332e6f72672f313939392f30322f32322d7264662d73796e7461782d6e7323223e3c7264663a4465736372697074696f6e207264663a61626f75743d22757569643a66616635626464352d626133642d313164612d616433312d6433336437353138326631622220786d6c6e733a64633d22687474703a2f2f7075726c2e6f72672f64632f656c656d656e74732f312e312f222f3e3c7264663a4465736372697074696f6e207264663a61626f75743d22757569643a66616635626464352d626133642d313164612d616433312d6433336437353138326631622220786d6c6e733a786d703d22687474703a2f2f6e732e61646f62652e636f6d2f7861702f312e302f223e3c786d703a437265617465446174653e323031392d30362d31335430303a35313a33312e3831383c2f786d703a437265617465446174653e3c2f7264663a4465736372697074696f6e3e3c7264663a4465736372697074696f6e207264663a61626f75743d22757569643a66616635626464352d626133642d313164612d616433312d6433336437353138326631622220786d6c6e733a64633d22687474703a2f2f7075726c2e6f72672f64632f656c656d656e74732f312e312f223e3c64633a63726561746f723e3c7264663a53657120786d6c6e733a7264663d22687474703a2f2f7777772e77332e6f72672f313939392f30322f32322d7264662d73796e7461782d6e7323223e3c7264663a6c693e4d6f68616d656420416264693c2f7264663a6c693e3c2f7264663a5365713e0d0a0909093c2f64633a63726561746f723e3c2f7264663a4465736372697074696f6e3e3c2f7264663a5244463e3c2f783a786d706d6574613e0d0a202020202020202020202020202020202020202020202020202020202020202020202020202020202020202020202020202020202020202020202020202020202020202020202020202020202020202020202020202020202020202020202020202020200a202020202020202020202020202020202020202020202020202020202020202020202020202020202020202020202020202020202020202020202020202020202020202020202020202020202020202020202020202020202020202020202020202020200a202020202020202020202020202020202020202020202020202020202020202020202020202020202020202020202020202020202020202020202020202020202020202020202020202020202020202020202020202020202020202020202020202020200a202020202020202020202020202020202020202020202020202020202020202020202020202020202020202020202020202020202020202020202020202020202020202020202020202020202020202020202020202020202020202020202020202020200a202020202020202020202020202020202020202020202020202020202020202020202020202020202020202020202020202020202020202020202020202020202020202020202020202020202020202020202020202020202020202020202020202020200a202020202020202020202020202020202020202020202020202020202020202020202020202020202020202020202020202020202020202020202020202020202020202020202020202020202020202020202020202020202020202020202020202020200a202020202020202020202020202020202020202020202020202020202020202020202020202020202020202020202020202020202020202020202020202020202020202020202020202020202020202020202020202020202020202020202020202020200a202020202020202020202020202020202020202020202020202020202020202020202020202020202020202020202020202020202020202020202020202020202020202020202020202020202020202020202020202020202020202020202020202020200a202020202020202020202020202020202020202020202020202020202020202020202020202020202020202020202020202020202020202020202020202020202020202020202020202020202020202020202020202020202020202020202020202020200a202020202020202020202020202020202020202020202020202020202020202020202020202020202020202020202020202020202020202020202020202020202020202020202020202020202020202020202020202020202020202020202020202020200a202020202020202020202020202020202020202020202020202020202020202020202020202020202020202020202020202020202020202020202020202020202020202020202020202020202020202020202020202020202020202020202020202020200a202020202020202020202020202020202020202020202020202020202020202020202020202020202020202020202020202020202020202020202020202020202020202020202020202020202020202020202020202020202020202020202020202020200a202020202020202020202020202020202020202020202020202020202020202020202020202020202020202020202020202020202020202020202020202020202020202020202020202020202020202020202020202020202020202020202020202020200a202020202020202020202020202020202020202020202020202020202020202020202020202020202020202020202020202020202020202020202020202020202020202020202020202020202020202020202020202020202020202020202020202020200a202020202020202020202020202020202020202020202020202020202020202020202020202020202020202020202020202020202020202020202020202020202020202020202020202020202020202020202020202020202020202020202020202020200a202020202020202020202020202020202020202020202020202020202020202020202020202020202020202020202020202020202020202020202020202020202020202020202020202020202020202020202020202020202020202020202020202020200a202020202020202020202020202020202020202020202020202020202020202020202020202020202020202020202020202020202020202020202020202020202020202020202020202020202020202020202020202020202020202020202020202020200a202020202020202020202020202020202020202020202020202020202020202020202020202020202020202020202020202020202020202020202020202020202020202020202020202020202020202020202020202020202020202020202020202020200a202020202020202020202020202020202020202020202020202020202020202020202020202020202020202020202020202020202020202020202020202020202020202020202020202020202020202020202020202020202020202020202020202020200a202020202020202020202020202020202020202020202020202020202020202020202020202020202020202020202020202020202020202020202020202020202020202020202020202020202020202020202020202020202020202020202020202020200a202020202020202020202020202020202020202020202020202020203c3f787061636b657420656e643d2777273f3effdb00430007050506050407060506080707080a110b0a09090a150f100c1118151a19181518171b1e27211b1d251d1718222e222528292b2c2b1a202f332f2a32272a2b2affdb0043010708080a090a140b0b142a1c181c2a2a2a2a2a2a2a2a2a2a2a2a2a2a2a2a2a2a2a2a2a2a2a2a2a2a2a2a2a2a2a2a2a2a2a2a2a2a2a2a2a2a2a2a2a2a2a2a2a2affc00011080047003903012200021101031101ffc4001f0000010501010101010100000000000000000102030405060708090a0bffc400b5100002010303020403050504040000017d01020300041105122131410613516107227114328191a1082342b1c11552d1f02433627282090a161718191a25262728292a3435363738393a434445464748494a535455565758595a636465666768696a737475767778797a838485868788898a92939495969798999aa2a3a4a5a6a7a8a9aab2b3b4b5b6b7b8b9bac2c3c4c5c6c7c8c9cad2d3d4d5d6d7d8d9dae1e2e3e4e5e6e7e8e9eaf1f2f3f4f5f6f7f8f9faffc4001f0100030101010101010101010000000000000102030405060708090a0bffc400b51100020102040403040705040400010277000102031104052131061241510761711322328108144291a1b1c109233352f0156272d10a162434e125f11718191a262728292a35363738393a434445464748494a535455565758595a636465666768696a737475767778797a82838485868788898a92939495969798999aa2a3a4a5a6a7a8a9aab2b3b4b5b6b7b8b9bac2c3c4c5c6c7c8c9cad2d3d4d5d6d7d8d9dae2e3e4e5e6e7e8e9eaf2f3f4f5f6f7f8f9faffda000c03010002110311003f00fa349c551d5f56b5d1f4d92eef241146833923a9ab84f15f3a7ed11e2cbe87548f428a611dbc71894843cb67d7f5e3dab04866278c3e3aebd77a95c45a64eb6b6a84a2f95cb30f5c9e95c34df10b5f9bce59b54b968a650b2a79846f1e86b9228d20fbaec739c81c533f7c84978cb0ec71569447667aa7857e33eafa26a48a8e26b405559261bb0be80f6afa13c3ff00153c33e22bb86dad2f912e261848db8c9f4af89e393a281b79c926b6bc3ba80835bb670ec0a481838eaa7d6938a03ef304558ac3f0f6a1fda7e1db0bc660cf2c2acc40ee4735b9443a89958b715f287c6ad35eebe2b4f0ccccc64546c91fc38e3fad7d559af06f8a62c6fbe222cd029f36cedfcb9dbb123918ff00beaa272b44d29ae69181e1fd32ce131449668e8a067299cd74b79a5e9335aec934d8148e9f2015e5efe30d474ebb02dae700363695ae965f1bdd41a5c373750072e32091804d704a33dcf561385ad630bc41e11d3de72f145e567fbbd2b837b17b2d47ecd23305dc3e6039c66bba7f167f6acd996d8c7938054e69fe1ff0e1f127c49d3b4e74df1337992e0ff001935d545ca3a48e3c472cb581f4df81a17b5f05e97148082b08c67ae3b57595976d0476b6d14108c244a1179ec062b52ba61d4e133f7578b7c40d3cc1e34b8b891088ee15486c7ca7815ecc4f15c4fc5486593c26b3229db1cc0b363a66b0a91e689b509f2ccf2cd434bd232279638cb8e99c60567f88ec6da6b3b6b30e86341fc0738aceb8d4262cf6f25ab4f0b8db91deb07ed515bdf1673322a9c0120c1fa57246127adcf59c95b62e2f8616c9fcc4970739c7ad76bf0c524ff85996a60383e4b09b8ea9b4f1f9e2b966bf6ba91029f97200cf6af76f87fe0ab0f0f83a84774b77773c60171d2304722b6873338aab8474477808ad1acb06b52bb21b1c064c51b4add303b935c77c63d6adb4df02b5ab38135d3848547538e4d76b7924de725bc31b00f826418c019e457877c70492e75ab2954136f6e0aa93dcf7c5295a307734a51729248f38fed8d3ded4c57d03bf5fbad820fd6b2e5362c0b43348e98fbb29ce2ab5ca212fbb904e71e959cc91af00b572248ee949a5634db5069248eded14b3bb0540a39627b57d0de0a8e6d3bfb3f48b8777bd9e1f3653da2518e3ebcd799fc21f077f6c7da358752ad0b18ed9f19d8c064b7f4fc6bde7c33a39b769ef4ef9676510c5248b8c81d5bf135d74e36470d495d9b318326e68be7456c123f5ad9a86dad92d2111c4b80393ee6a7ad12b1994ee6d6695730c8a926c2a18fbe3fc2b90f1a7c3c93c4f6b6f05b5c450ac2ad9320249638e78fa51454ce0a6b959a53a92a72e68ee79a5d7ece5accae5a2d6ac573eaaff00e1550feccfaf3b7cfaf58609e708fd3bf6a28a954a28a9569c9dd9ebfa078063f0df87c699a64cb12aa019008cb71935d35958b5a42b1efdc154283de8a2b5312c856de493c7614fa28a00ffd9, NULL, 4);
INSERT INTO `Photo` (`photoNo`, `photoDate`, `description`, `image`, `abductorNo`, `MissingChildNo`) VALUES
(5, '2019-05-19', 'Unknown Child Photo', 0xffd8ffe000104a46494600010101007800780000ffe110f24578696600004d4d002a000000080004013b00020000000d0000084a8769000400000001000008589c9d00010000001a000010d0ea1c00070000080c0000003e000000001cea0000000800000000000000000000000000000000000000000000000000000000000000000000000000000000000000000000000000000000000000000000000000000000000000000000000000000000000000000000000000000000000000000000000000000000000000000000000000000000000000000000000000000000000000000000000000000000000000000000000000000000000000000000000000000000000000000000000000000000000000000000000000000000000000000000000000000000000000000000000000000000000000000000000000000000000000000000000000000000000000000000000000000000000000000000000000000000000000000000000000000000000000000000000000000000000000000000000000000000000000000000000000000000000000000000000000000000000000000000000000000000000000000000000000000000000000000000000000000000000000000000000000000000000000000000000000000000000000000000000000000000000000000000000000000000000000000000000000000000000000000000000000000000000000000000000000000000000000000000000000000000000000000000000000000000000000000000000000000000000000000000000000000000000000000000000000000000000000000000000000000000000000000000000000000000000000000000000000000000000000000000000000000000000000000000000000000000000000000000000000000000000000000000000000000000000000000000000000000000000000000000000000000000000000000000000000000000000000000000000000000000000000000000000000000000000000000000000000000000000000000000000000000000000000000000000000000000000000000000000000000000000000000000000000000000000000000000000000000000000000000000000000000000000000000000000000000000000000000000000000000000000000000000000000000000000000000000000000000000000000000000000000000000000000000000000000000000000000000000000000000000000000000000000000000000000000000000000000000000000000000000000000000000000000000000000000000000000000000000000000000000000000000000000000000000000000000000000000000000000000000000000000000000000000000000000000000000000000000000000000000000000000000000000000000000000000000000000000000000000000000000000000000000000000000000000000000000000000000000000000000000000000000000000000000000000000000000000000000000000000000000000000000000000000000000000000000000000000000000000000000000000000000000000000000000000000000000000000000000000000000000000000000000000000000000000000000000000000000000000000000000000000000000000000000000000000000000000000000000000000000000000000000000000000000000000000000000000000000000000000000000000000000000000000000000000000000000000000000000000000000000000000000000000000000000000000000000000000000000000000000000000000000000000000000000000000000000000000000000000000000000000000000000000000000000000000000000000000000000000000000000000000000000000000000000000000000000000000000000000000000000000000000000000000000000000000000000000000000000000000000000000000000000000000000000000000000000000000000000000000000000000000000000000000000000000000000000000000000000000000000000000000000000000000000000000000000000000000000000000000000000000000000000000000000000000000000000000000000000000000000000000000000000000000000000000000000000000000000000000000000000000000000000000000000000000000000000000000000000000000000000000000000000000000000000000000000000000000000000000000000000000000000000000000000000000000000000000000000000000000000000000000000000000000000000000000000000000000000000000000000000000000000000000000000000000000000000000000000000000000000000000000000000000000000000000000000000000000000000000000000000000000000000000000000000000000000000000000000000000000000000000000000000000000000000000000000000000000000000000000000000000000000000000000000000000000000000000000000000000000000000000000000000000000000000000000000000000000000000000000000000000000000000000000000000000000000000000000000000000000000000000000000000000000000000000000000000000000000000000000000000000000000000000000000000000000000000000000000000000000000000000000000000000000000000000000000000000000000000000000000000000000000000000000000000000000000000000000000000000000000000000000000000000000000000000000000000000000000000000000000000000000000000000000000000000000000000000000000000000000000000000000000000000000000000000000000000000000000000000000000000000000000000000000000000000000004d6f68616d65642041626469000000059003000200000014000010a69004000200000014000010ba929100020000000339350000929200020000000339350000ea1c00070000080c0000089a000000001cea000000080000000000000000000000000000000000000000000000000000000000000000000000000000000000000000000000000000000000000000000000000000000000000000000000000000000000000000000000000000000000000000000000000000000000000000000000000000000000000000000000000000000000000000000000000000000000000000000000000000000000000000000000000000000000000000000000000000000000000000000000000000000000000000000000000000000000000000000000000000000000000000000000000000000000000000000000000000000000000000000000000000000000000000000000000000000000000000000000000000000000000000000000000000000000000000000000000000000000000000000000000000000000000000000000000000000000000000000000000000000000000000000000000000000000000000000000000000000000000000000000000000000000000000000000000000000000000000000000000000000000000000000000000000000000000000000000000000000000000000000000000000000000000000000000000000000000000000000000000000000000000000000000000000000000000000000000000000000000000000000000000000000000000000000000000000000000000000000000000000000000000000000000000000000000000000000000000000000000000000000000000000000000000000000000000000000000000000000000000000000000000000000000000000000000000000000000000000000000000000000000000000000000000000000000000000000000000000000000000000000000000000000000000000000000000000000000000000000000000000000000000000000000000000000000000000000000000000000000000000000000000000000000000000000000000000000000000000000000000000000000000000000000000000000000000000000000000000000000000000000000000000000000000000000000000000000000000000000000000000000000000000000000000000000000000000000000000000000000000000000000000000000000000000000000000000000000000000000000000000000000000000000000000000000000000000000000000000000000000000000000000000000000000000000000000000000000000000000000000000000000000000000000000000000000000000000000000000000000000000000000000000000000000000000000000000000000000000000000000000000000000000000000000000000000000000000000000000000000000000000000000000000000000000000000000000000000000000000000000000000000000000000000000000000000000000000000000000000000000000000000000000000000000000000000000000000000000000000000000000000000000000000000000000000000000000000000000000000000000000000000000000000000000000000000000000000000000000000000000000000000000000000000000000000000000000000000000000000000000000000000000000000000000000000000000000000000000000000000000000000000000000000000000000000000000000000000000000000000000000000000000000000000000000000000000000000000000000000000000000000000000000000000000000000000000000000000000000000000000000000000000000000000000000000000000000000000000000000000000000000000000000000000000000000000000000000000000000000000000000000000000000000000000000000000000000000000000000000000000000000000000000000000000000000000000000000000000000000000000000000000000000000000000000000000000000000000000000000000000000000000000000000000000000000000000000000000000000000000000000000000000000000000000000000000000000000000000000000000000000000000000000000000000000000000000000000000000000000000000000000000000000000000000000000000000000000000000000000000000000000000000000000000000000000000000000000000000000000000000000000000000000000000000000000000000000000000000000000000000000000000000000000000000000000000000000000000000000000000000000000000000000000000000000000000000000000000000000000000000000000000000000000000000000000000000000000000000000000000000000000000000000000000000000000000000000000000000000000000000000000000000000000000000000000000000000000000000000000000000000000000000000000000000000000000000000000000000000000000000000000000000000000000000000000000000000000000000000000000000000000000000000000000000000000000000000000000000000000000000000000000000000000000000000000000000000000000000000000000000000000000000000000000000000000000000000000000000000000000000000000000000000000000000000000000000000000000000000000000000000000000000000000000000000000000000000000000000000000000000000000000000000000000000000000000000000000000000000000000000000000000000000000000000000000000000000000000000000000000000000000000000000000000000000000000000000323031393a30363a31332030303a35313a313100323031393a30363a31332030303a35313a31310000004d006f00680061006d0065006400200041006200640069000000ffe10b1f687474703a2f2f6e732e61646f62652e636f6d2f7861702f312e302f003c3f787061636b657420626567696e3d27efbbbf272069643d2757354d304d7043656869487a7265537a4e54637a6b633964273f3e0d0a3c783a786d706d65746120786d6c6e733a783d2261646f62653a6e733a6d6574612f223e3c7264663a52444620786d6c6e733a7264663d22687474703a2f2f7777772e77332e6f72672f313939392f30322f32322d7264662d73796e7461782d6e7323223e3c7264663a4465736372697074696f6e207264663a61626f75743d22757569643a66616635626464352d626133642d313164612d616433312d6433336437353138326631622220786d6c6e733a64633d22687474703a2f2f7075726c2e6f72672f64632f656c656d656e74732f312e312f222f3e3c7264663a4465736372697074696f6e207264663a61626f75743d22757569643a66616635626464352d626133642d313164612d616433312d6433336437353138326631622220786d6c6e733a786d703d22687474703a2f2f6e732e61646f62652e636f6d2f7861702f312e302f223e3c786d703a437265617465446174653e323031392d30362d31335430303a35313a31312e3934373c2f786d703a437265617465446174653e3c2f7264663a4465736372697074696f6e3e3c7264663a4465736372697074696f6e207264663a61626f75743d22757569643a66616635626464352d626133642d313164612d616433312d6433336437353138326631622220786d6c6e733a64633d22687474703a2f2f7075726c2e6f72672f64632f656c656d656e74732f312e312f223e3c64633a63726561746f723e3c7264663a53657120786d6c6e733a7264663d22687474703a2f2f7777772e77332e6f72672f313939392f30322f32322d7264662d73796e7461782d6e7323223e3c7264663a6c693e4d6f68616d656420416264693c2f7264663a6c693e3c2f7264663a5365713e0d0a0909093c2f64633a63726561746f723e3c2f7264663a4465736372697074696f6e3e3c2f7264663a5244463e3c2f783a786d706d6574613e0d0a202020202020202020202020202020202020202020202020202020202020202020202020202020202020202020202020202020202020202020202020202020202020202020202020202020202020202020202020202020202020202020202020202020200a202020202020202020202020202020202020202020202020202020202020202020202020202020202020202020202020202020202020202020202020202020202020202020202020202020202020202020202020202020202020202020202020202020200a202020202020202020202020202020202020202020202020202020202020202020202020202020202020202020202020202020202020202020202020202020202020202020202020202020202020202020202020202020202020202020202020202020200a202020202020202020202020202020202020202020202020202020202020202020202020202020202020202020202020202020202020202020202020202020202020202020202020202020202020202020202020202020202020202020202020202020200a202020202020202020202020202020202020202020202020202020202020202020202020202020202020202020202020202020202020202020202020202020202020202020202020202020202020202020202020202020202020202020202020202020200a202020202020202020202020202020202020202020202020202020202020202020202020202020202020202020202020202020202020202020202020202020202020202020202020202020202020202020202020202020202020202020202020202020200a202020202020202020202020202020202020202020202020202020202020202020202020202020202020202020202020202020202020202020202020202020202020202020202020202020202020202020202020202020202020202020202020202020200a202020202020202020202020202020202020202020202020202020202020202020202020202020202020202020202020202020202020202020202020202020202020202020202020202020202020202020202020202020202020202020202020202020200a202020202020202020202020202020202020202020202020202020202020202020202020202020202020202020202020202020202020202020202020202020202020202020202020202020202020202020202020202020202020202020202020202020200a202020202020202020202020202020202020202020202020202020202020202020202020202020202020202020202020202020202020202020202020202020202020202020202020202020202020202020202020202020202020202020202020202020200a202020202020202020202020202020202020202020202020202020202020202020202020202020202020202020202020202020202020202020202020202020202020202020202020202020202020202020202020202020202020202020202020202020200a202020202020202020202020202020202020202020202020202020202020202020202020202020202020202020202020202020202020202020202020202020202020202020202020202020202020202020202020202020202020202020202020202020200a202020202020202020202020202020202020202020202020202020202020202020202020202020202020202020202020202020202020202020202020202020202020202020202020202020202020202020202020202020202020202020202020202020200a202020202020202020202020202020202020202020202020202020202020202020202020202020202020202020202020202020202020202020202020202020202020202020202020202020202020202020202020202020202020202020202020202020200a202020202020202020202020202020202020202020202020202020202020202020202020202020202020202020202020202020202020202020202020202020202020202020202020202020202020202020202020202020202020202020202020202020200a202020202020202020202020202020202020202020202020202020202020202020202020202020202020202020202020202020202020202020202020202020202020202020202020202020202020202020202020202020202020202020202020202020200a202020202020202020202020202020202020202020202020202020202020202020202020202020202020202020202020202020202020202020202020202020202020202020202020202020202020202020202020202020202020202020202020202020200a202020202020202020202020202020202020202020202020202020202020202020202020202020202020202020202020202020202020202020202020202020202020202020202020202020202020202020202020202020202020202020202020202020200a202020202020202020202020202020202020202020202020202020202020202020202020202020202020202020202020202020202020202020202020202020202020202020202020202020202020202020202020202020202020202020202020202020200a202020202020202020202020202020202020202020202020202020202020202020202020202020202020202020202020202020202020202020202020202020202020202020202020202020202020202020202020202020202020202020202020202020200a202020202020202020202020202020202020202020202020202020203c3f787061636b657420656e643d2777273f3effdb00430007050506050407060506080707080a110b0a09090a150f100c1118151a19181518171b1e27211b1d251d1718222e222528292b2c2b1a202f332f2a32272a2b2affdb0043010708080a090a140b0b142a1c181c2a2a2a2a2a2a2a2a2a2a2a2a2a2a2a2a2a2a2a2a2a2a2a2a2a2a2a2a2a2a2a2a2a2a2a2a2a2a2a2a2a2a2a2a2a2a2a2a2a2affc00011080044003a03012200021101031101ffc4001f0000010501010101010100000000000000000102030405060708090a0bffc400b5100002010303020403050504040000017d01020300041105122131410613516107227114328191a1082342b1c11552d1f02433627282090a161718191a25262728292a3435363738393a434445464748494a535455565758595a636465666768696a737475767778797a838485868788898a92939495969798999aa2a3a4a5a6a7a8a9aab2b3b4b5b6b7b8b9bac2c3c4c5c6c7c8c9cad2d3d4d5d6d7d8d9dae1e2e3e4e5e6e7e8e9eaf1f2f3f4f5f6f7f8f9faffc4001f0100030101010101010101010000000000000102030405060708090a0bffc400b51100020102040403040705040400010277000102031104052131061241510761711322328108144291a1b1c109233352f0156272d10a162434e125f11718191a262728292a35363738393a434445464748494a535455565758595a636465666768696a737475767778797a82838485868788898a92939495969798999aa2a3a4a5a6a7a8a9aab2b3b4b5b6b7b8b9bac2c3c4c5c6c7c8c9cad2d3d4d5d6d7d8d9dae2e3e4e5e6e7e8e9eaf2f3f4f5f6f7f8f9faffda000c03010002110311003f00fa34b8e6a95f6a71d942598331ec14134f7908271eb5c978c35696db48bbf24f965622cceddb8ed53295915157679afc4bf8df796aafa5e8b6ef69364e6e376723a71e9c8af1e9bc5fe2fbcc4f2ea5a83f1f2b79ad5da689e1e5d5a46d5758412c93b1650c3b76e2bb28345b328a8208c281c0c579f2c4a4ec91ea53c1f3adcf18b1f1c78a74e60f16a1784739dcc5873d7ad7abfc39f88373af3269f7bac2da5ceec224916e56fc7b55fb8f0cd8cb0b2886350476515e55ade9b3f83fc451dfc44205903a91df07a514f1119bb5b5155c1fb38dd33eb4d334bd420657b9d415d7baa44066ba11c28e7b5723e0ff001047af786ad2f63903991016c1e86bac4ff56bf415e846d6d0f2de85094fccdf535c078ce53259ddc5f7b319183df8aef256f99beb5e77e324f396e62ced2c3ad6753e134a7f11c2ff00684762b1af90fb1100240f6adbb0d42daea32f13121473c5733ace84750607cc902840301b18e2ade836c6c5e68d58950b839e715e54d456a7d0d18cde86b1d7613379491b9e7a938ae57e24dac77fe17927d84340c1f27f2ab775e16fb6df09d6691467828f8ad3d574646f0ccd693169032f249e4e39a94d4649a1d4a739269a3b3f84d0a5bf81b4b31b67cc8158e3d4d7a9c5fea53fdd15e59f0cb367a29b06ff00571e1a1f653dabd4a13fb94ff747f2af6294b9a373e76b41c26e2ccc95be76fa9af3bf13387bc995abb5bed4ad6d9d8cf304e4f15e65e2cf1169e75358eda432492a160021ed44d5d59131959dccb9e6f2d5be6c6075accb1d49a1692359216de7a9354748f109d4e6b8b7ba87cb68f00b763d6b5a1d22de69032a22fd2bcb9a519599f4785a9cf14ee5fb29d1182acaac4f3b54e6a1f136bf0e89a1bdedda1951480133cb126adada416cca555548f41d6b80f8bcd3cba459aa07f27cd25b68c8e9c66a29454a7663c4d6708de2763f073c653eafaf5f5b5d81e5ce826b7e79400e0a57d0b6e49b68b3d760fe55f28fc0d0c6fbcb9a3db2458746ee4138c7e59afabad8ff00a2c5cff00fe55ec434d11f3936dbe67d4f17f106adbf55b989640ccb236549e8335c9e94f25d6bef14a32b33051c76f4152cb611596ada9dc9c9966b9937b9272406381cfd6b73c33a3b26a90decc08653945c7183493b1a72f344cbd734b874ff001334090848bca4f940c76ebf9d59b7b32aa3c990e3d1abb2f17690d7d35a5ddadb991c29472a3b751fd6b0edf4cb927625b4acd9e810935e5578cb9cf468cd46091523b739dcefbaba5d0bc2906b1617126a502cb6f22ed4461d7deac691e0ababa9564d50082dd4e7cace59bebe95dbec8ede01142a11146140ec2b7c35095f9e4635eb27eea3c3753f08dc7833c596975a1958add89dc8dd08f4feb5eefa55d7da346b2988c7996f1be3d32a0d727e31d345f686f20ff5909de0fb6306ba2f0fa3278674b563cad9c40ffdf02bd14ac704b63c82f6da39bc46f1c8328d76c187afcc6bb2b78515f20638145158cf73a69fc274760321476ad4451d00c51456b148e7a8ddc19894f4a8251d28a2a9ee11d8cfd557769d2a1fbae841fc6b47431ff14fe9dff5eb17fe8028a28148ffd9, NULL, 5),
(6, '2019-05-19', 'Unknown Child Photo', 0xffd8ffe000104a46494600010101007800780000ffe110f24578696600004d4d002a000000080004013b00020000000d0000084a8769000400000001000008589c9d00010000001a000010d0ea1c00070000080c0000003e000000001cea0000000800000000000000000000000000000000000000000000000000000000000000000000000000000000000000000000000000000000000000000000000000000000000000000000000000000000000000000000000000000000000000000000000000000000000000000000000000000000000000000000000000000000000000000000000000000000000000000000000000000000000000000000000000000000000000000000000000000000000000000000000000000000000000000000000000000000000000000000000000000000000000000000000000000000000000000000000000000000000000000000000000000000000000000000000000000000000000000000000000000000000000000000000000000000000000000000000000000000000000000000000000000000000000000000000000000000000000000000000000000000000000000000000000000000000000000000000000000000000000000000000000000000000000000000000000000000000000000000000000000000000000000000000000000000000000000000000000000000000000000000000000000000000000000000000000000000000000000000000000000000000000000000000000000000000000000000000000000000000000000000000000000000000000000000000000000000000000000000000000000000000000000000000000000000000000000000000000000000000000000000000000000000000000000000000000000000000000000000000000000000000000000000000000000000000000000000000000000000000000000000000000000000000000000000000000000000000000000000000000000000000000000000000000000000000000000000000000000000000000000000000000000000000000000000000000000000000000000000000000000000000000000000000000000000000000000000000000000000000000000000000000000000000000000000000000000000000000000000000000000000000000000000000000000000000000000000000000000000000000000000000000000000000000000000000000000000000000000000000000000000000000000000000000000000000000000000000000000000000000000000000000000000000000000000000000000000000000000000000000000000000000000000000000000000000000000000000000000000000000000000000000000000000000000000000000000000000000000000000000000000000000000000000000000000000000000000000000000000000000000000000000000000000000000000000000000000000000000000000000000000000000000000000000000000000000000000000000000000000000000000000000000000000000000000000000000000000000000000000000000000000000000000000000000000000000000000000000000000000000000000000000000000000000000000000000000000000000000000000000000000000000000000000000000000000000000000000000000000000000000000000000000000000000000000000000000000000000000000000000000000000000000000000000000000000000000000000000000000000000000000000000000000000000000000000000000000000000000000000000000000000000000000000000000000000000000000000000000000000000000000000000000000000000000000000000000000000000000000000000000000000000000000000000000000000000000000000000000000000000000000000000000000000000000000000000000000000000000000000000000000000000000000000000000000000000000000000000000000000000000000000000000000000000000000000000000000000000000000000000000000000000000000000000000000000000000000000000000000000000000000000000000000000000000000000000000000000000000000000000000000000000000000000000000000000000000000000000000000000000000000000000000000000000000000000000000000000000000000000000000000000000000000000000000000000000000000000000000000000000000000000000000000000000000000000000000000000000000000000000000000000000000000000000000000000000000000000000000000000000000000000000000000000000000000000000000000000000000000000000000000000000000000000000000000000000000000000000000000000000000000000000000000000000000000000000000000000000000000000000000000000000000000000000000000000000000000000000000000000000000000000000000000000000000000000000000000000000000000000000000000000000000000000000000000000000000000000000000000000000000000000000000000000000000000000000000000000000000000000000000000000000000000000000000000000000000000000000000000000000000000000000000000000000000000000000000000000000000000000000000000000000000000000000000000000000000000000000000000000000000000000000000000000000000000000000000000000000000000000000000000000000000000000000000000000000000000000000000000000000000000000000000000000000000000000000000000000000000000000000000000000000000000000000000000000000000000000000000000000000000000000000000000000000000000000000004d6f68616d65642041626469000000059003000200000014000010a69004000200000014000010ba929100020000000330310000929200020000000330310000ea1c00070000080c0000089a000000001cea000000080000000000000000000000000000000000000000000000000000000000000000000000000000000000000000000000000000000000000000000000000000000000000000000000000000000000000000000000000000000000000000000000000000000000000000000000000000000000000000000000000000000000000000000000000000000000000000000000000000000000000000000000000000000000000000000000000000000000000000000000000000000000000000000000000000000000000000000000000000000000000000000000000000000000000000000000000000000000000000000000000000000000000000000000000000000000000000000000000000000000000000000000000000000000000000000000000000000000000000000000000000000000000000000000000000000000000000000000000000000000000000000000000000000000000000000000000000000000000000000000000000000000000000000000000000000000000000000000000000000000000000000000000000000000000000000000000000000000000000000000000000000000000000000000000000000000000000000000000000000000000000000000000000000000000000000000000000000000000000000000000000000000000000000000000000000000000000000000000000000000000000000000000000000000000000000000000000000000000000000000000000000000000000000000000000000000000000000000000000000000000000000000000000000000000000000000000000000000000000000000000000000000000000000000000000000000000000000000000000000000000000000000000000000000000000000000000000000000000000000000000000000000000000000000000000000000000000000000000000000000000000000000000000000000000000000000000000000000000000000000000000000000000000000000000000000000000000000000000000000000000000000000000000000000000000000000000000000000000000000000000000000000000000000000000000000000000000000000000000000000000000000000000000000000000000000000000000000000000000000000000000000000000000000000000000000000000000000000000000000000000000000000000000000000000000000000000000000000000000000000000000000000000000000000000000000000000000000000000000000000000000000000000000000000000000000000000000000000000000000000000000000000000000000000000000000000000000000000000000000000000000000000000000000000000000000000000000000000000000000000000000000000000000000000000000000000000000000000000000000000000000000000000000000000000000000000000000000000000000000000000000000000000000000000000000000000000000000000000000000000000000000000000000000000000000000000000000000000000000000000000000000000000000000000000000000000000000000000000000000000000000000000000000000000000000000000000000000000000000000000000000000000000000000000000000000000000000000000000000000000000000000000000000000000000000000000000000000000000000000000000000000000000000000000000000000000000000000000000000000000000000000000000000000000000000000000000000000000000000000000000000000000000000000000000000000000000000000000000000000000000000000000000000000000000000000000000000000000000000000000000000000000000000000000000000000000000000000000000000000000000000000000000000000000000000000000000000000000000000000000000000000000000000000000000000000000000000000000000000000000000000000000000000000000000000000000000000000000000000000000000000000000000000000000000000000000000000000000000000000000000000000000000000000000000000000000000000000000000000000000000000000000000000000000000000000000000000000000000000000000000000000000000000000000000000000000000000000000000000000000000000000000000000000000000000000000000000000000000000000000000000000000000000000000000000000000000000000000000000000000000000000000000000000000000000000000000000000000000000000000000000000000000000000000000000000000000000000000000000000000000000000000000000000000000000000000000000000000000000000000000000000000000000000000000000000000000000000000000000000000000000000000000000000000000000000000000000000000000000000000000000000000000000000000000000000000000000000000000000000000000000000000000000000000000000000000000000000000000000000000000000000000000000000000000000000000000000000000000000000000000000000000000000000000000000000000000000000000000000000000000000000000000000000000000000000000000000000000000000000000000000000000000000000000000000000000000000000000000000000000000000000000000000000000000000000000000000000000000000000000000000000000000000000000000000323031393a30363a31332030303a35323a303500323031393a30363a31332030303a35323a30350000004d006f00680061006d0065006400200041006200640069000000ffe10b1f687474703a2f2f6e732e61646f62652e636f6d2f7861702f312e302f003c3f787061636b657420626567696e3d27efbbbf272069643d2757354d304d7043656869487a7265537a4e54637a6b633964273f3e0d0a3c783a786d706d65746120786d6c6e733a783d2261646f62653a6e733a6d6574612f223e3c7264663a52444620786d6c6e733a7264663d22687474703a2f2f7777772e77332e6f72672f313939392f30322f32322d7264662d73796e7461782d6e7323223e3c7264663a4465736372697074696f6e207264663a61626f75743d22757569643a66616635626464352d626133642d313164612d616433312d6433336437353138326631622220786d6c6e733a64633d22687474703a2f2f7075726c2e6f72672f64632f656c656d656e74732f312e312f222f3e3c7264663a4465736372697074696f6e207264663a61626f75743d22757569643a66616635626464352d626133642d313164612d616433312d6433336437353138326631622220786d6c6e733a786d703d22687474703a2f2f6e732e61646f62652e636f6d2f7861702f312e302f223e3c786d703a437265617465446174653e323031392d30362d31335430303a35323a30352e3031323c2f786d703a437265617465446174653e3c2f7264663a4465736372697074696f6e3e3c7264663a4465736372697074696f6e207264663a61626f75743d22757569643a66616635626464352d626133642d313164612d616433312d6433336437353138326631622220786d6c6e733a64633d22687474703a2f2f7075726c2e6f72672f64632f656c656d656e74732f312e312f223e3c64633a63726561746f723e3c7264663a53657120786d6c6e733a7264663d22687474703a2f2f7777772e77332e6f72672f313939392f30322f32322d7264662d73796e7461782d6e7323223e3c7264663a6c693e4d6f68616d656420416264693c2f7264663a6c693e3c2f7264663a5365713e0d0a0909093c2f64633a63726561746f723e3c2f7264663a4465736372697074696f6e3e3c2f7264663a5244463e3c2f783a786d706d6574613e0d0a202020202020202020202020202020202020202020202020202020202020202020202020202020202020202020202020202020202020202020202020202020202020202020202020202020202020202020202020202020202020202020202020202020200a202020202020202020202020202020202020202020202020202020202020202020202020202020202020202020202020202020202020202020202020202020202020202020202020202020202020202020202020202020202020202020202020202020200a202020202020202020202020202020202020202020202020202020202020202020202020202020202020202020202020202020202020202020202020202020202020202020202020202020202020202020202020202020202020202020202020202020200a202020202020202020202020202020202020202020202020202020202020202020202020202020202020202020202020202020202020202020202020202020202020202020202020202020202020202020202020202020202020202020202020202020200a202020202020202020202020202020202020202020202020202020202020202020202020202020202020202020202020202020202020202020202020202020202020202020202020202020202020202020202020202020202020202020202020202020200a202020202020202020202020202020202020202020202020202020202020202020202020202020202020202020202020202020202020202020202020202020202020202020202020202020202020202020202020202020202020202020202020202020200a202020202020202020202020202020202020202020202020202020202020202020202020202020202020202020202020202020202020202020202020202020202020202020202020202020202020202020202020202020202020202020202020202020200a202020202020202020202020202020202020202020202020202020202020202020202020202020202020202020202020202020202020202020202020202020202020202020202020202020202020202020202020202020202020202020202020202020200a202020202020202020202020202020202020202020202020202020202020202020202020202020202020202020202020202020202020202020202020202020202020202020202020202020202020202020202020202020202020202020202020202020200a202020202020202020202020202020202020202020202020202020202020202020202020202020202020202020202020202020202020202020202020202020202020202020202020202020202020202020202020202020202020202020202020202020200a202020202020202020202020202020202020202020202020202020202020202020202020202020202020202020202020202020202020202020202020202020202020202020202020202020202020202020202020202020202020202020202020202020200a202020202020202020202020202020202020202020202020202020202020202020202020202020202020202020202020202020202020202020202020202020202020202020202020202020202020202020202020202020202020202020202020202020200a202020202020202020202020202020202020202020202020202020202020202020202020202020202020202020202020202020202020202020202020202020202020202020202020202020202020202020202020202020202020202020202020202020200a202020202020202020202020202020202020202020202020202020202020202020202020202020202020202020202020202020202020202020202020202020202020202020202020202020202020202020202020202020202020202020202020202020200a202020202020202020202020202020202020202020202020202020202020202020202020202020202020202020202020202020202020202020202020202020202020202020202020202020202020202020202020202020202020202020202020202020200a202020202020202020202020202020202020202020202020202020202020202020202020202020202020202020202020202020202020202020202020202020202020202020202020202020202020202020202020202020202020202020202020202020200a202020202020202020202020202020202020202020202020202020202020202020202020202020202020202020202020202020202020202020202020202020202020202020202020202020202020202020202020202020202020202020202020202020200a202020202020202020202020202020202020202020202020202020202020202020202020202020202020202020202020202020202020202020202020202020202020202020202020202020202020202020202020202020202020202020202020202020200a202020202020202020202020202020202020202020202020202020202020202020202020202020202020202020202020202020202020202020202020202020202020202020202020202020202020202020202020202020202020202020202020202020200a202020202020202020202020202020202020202020202020202020202020202020202020202020202020202020202020202020202020202020202020202020202020202020202020202020202020202020202020202020202020202020202020202020200a202020202020202020202020202020202020202020202020202020203c3f787061636b657420656e643d2777273f3effdb00430007050506050407060506080707080a110b0a09090a150f100c1118151a19181518171b1e27211b1d251d1718222e222528292b2c2b1a202f332f2a32272a2b2affdb0043010708080a090a140b0b142a1c181c2a2a2a2a2a2a2a2a2a2a2a2a2a2a2a2a2a2a2a2a2a2a2a2a2a2a2a2a2a2a2a2a2a2a2a2a2a2a2a2a2a2a2a2a2a2a2a2a2a2affc00011080048003e03012200021101031101ffc4001f0000010501010101010100000000000000000102030405060708090a0bffc400b5100002010303020403050504040000017d01020300041105122131410613516107227114328191a1082342b1c11552d1f02433627282090a161718191a25262728292a3435363738393a434445464748494a535455565758595a636465666768696a737475767778797a838485868788898a92939495969798999aa2a3a4a5a6a7a8a9aab2b3b4b5b6b7b8b9bac2c3c4c5c6c7c8c9cad2d3d4d5d6d7d8d9dae1e2e3e4e5e6e7e8e9eaf1f2f3f4f5f6f7f8f9faffc4001f0100030101010101010101010000000000000102030405060708090a0bffc400b51100020102040403040705040400010277000102031104052131061241510761711322328108144291a1b1c109233352f0156272d10a162434e125f11718191a262728292a35363738393a434445464748494a535455565758595a636465666768696a737475767778797a82838485868788898a92939495969798999aa2a3a4a5a6a7a8a9aab2b3b4b5b6b7b8b9bac2c3c4c5c6c7c8c9cad2d3d4d5d6d7d8d9dae2e3e4e5e6e7e8e9eaf2f3f4f5f6f7f8f9faffda000c03010002110311003f00f4bf89d1c8f7d6262655c44d92c33dc579f26a17106a52b0892795e231a93c80d9fbd5e87f12de65bdb3f2cb04f25f710b9ef5e55a83a69d652ce0b1b96c24793c73deb24af3b2345f0906b5e23bb67fb05ab83247feb254e066aec1e1c33f878de36a93bdcb292a89d3e99ef5c999a1b48f74d20dec72c7b9357ed7c6ad67a6bd940a36b12448d1e597e86bb654da8ae43384a2dfbc4316a7a96937042dcbb84382ac735e8de17d6d352b1689a3432ec2496e703dbf5af31f96e62322b798a7a906b5bc317a60bb1106c153c11dc1a2a4138dd0a32f78ee6fa3dd0e222c0a005b8e9ffd6aedbe1b49e6437a4138c47c7607e6ae024b9255b7372460d771f0adc1b3bf45c61593ebdffc2bcca52bceccde7f0957e2a926eac5792be5b64763cf7af17f184a6d5adadc16dc0960a3d6bd6be315ebdb6a9a5a800a989d883f515e59796e352f10696f8dc1e4da47af15d71972cae66a2e5a1cbdadabdd4d995b049e77574117875fca07e5db8eb9ae8f50f0cdff00da07d9a3823889e414c9abb268d243a694272f58d4aee5b33ba9d051e879f5c5bbd95ceeb66cb8ea1475fad49657910d4619d7f752b36d642386fa5752340be79818a6558cff000ecaa5e21d1cdacb64eeaa1c49d54715ad3aff006598d4a1a731b31dc890c884f231fad7a47c2970f1ea47b83183ff008f578e5b5c13a84c01e3007e55ebbf089195755661c318b1ff008f573b8f2d73277e530fe37a349ace9207410393ff007d0ae0ac5d61d4b4f94fdd8ae133ec2bbff8dad8d5f4a01b69303fe3f30af33f318c4429f980047d456eb59388434b1ea371a9c32a2af01ba648acabebebf5568521b7299fbe49e959da4de5b6b51c61b918f9c06c306abb71a36186c85197fbcf21cd702493b33d88c9495c48b5092ccaabed72ff00c23b1f6ae7bc4fa8fda6780118d84bf3db1c569de7d9f4a88c9b544add589ae1f57d44dd4ccc3f8be451ed5d142179dce5c4544a162c69d29324928e739af63f82b726e23d5c1fe13177ff007ebc734f5f2873fc2bcfd6bd73e06b06fedb2319cc39ff00c7eba2aa5ed133cfbfba54f8d71093c41a46fe145b49cffc08579b3f968176b03ea6bd1fe3892359d25ba2881f273fed0af2c803bc723957dbbb0323ad11f8ee4a6dbb19d2cf77a4eb7e7d94cc8b2f381d335d19f13eba6df7ab23291d71583a942cb1c385cee2491562d2f02583871f77b03d68ab0bf43aa9ceda3656babfd47509f75e49f22f61deabc3fbdbc05ba2d0d235c42d232903ccda83d38cd4b14583c71eb5bc22a2ac8c26f99dd9af0442e83c70caa8f8c807f8bdabd5fe0546625d6d1d195f30e73ff03af1eb40e927ca557dc9e6bdabe0b3ef8f57c9dcc3cacb6393f7ea671ea4b34be24785eff5fd42c66b0b16ba10c6c090ea0024fa3115c0de7c3df164df2ae8f232f6ccd1003f26a28a84c49d8ccd47e16f8c27487c9d1d8ec078f3e3ff00e2aa937c24f19b2edfec57dbdffd223e4ffdf54514f998dbb8eff854be32fb1a46ba2c80890b11f688ba63fdea962f85be358beee887f19e3ffe2a8a29f3b15cb2bf0e3c6c319d0b9f5f3a2ffe2abd2fe14f87b5cd057531af5a7d9bcef2bca1bd5b38dd9fba4fa8a28a1c9b4173ffd9, NULL, 6);
INSERT INTO `Photo` (`photoNo`, `photoDate`, `description`, `image`, `abductorNo`, `MissingChildNo`) VALUES
(7, '2019-05-01', 'Unknown Child Photo', 0xffd8ffe000104a46494600010101007800780000ffe110f24578696600004d4d002a000000080004013b00020000000d0000084a8769000400000001000008589c9d00010000001a000010d0ea1c00070000080c0000003e000000001cea0000000800000000000000000000000000000000000000000000000000000000000000000000000000000000000000000000000000000000000000000000000000000000000000000000000000000000000000000000000000000000000000000000000000000000000000000000000000000000000000000000000000000000000000000000000000000000000000000000000000000000000000000000000000000000000000000000000000000000000000000000000000000000000000000000000000000000000000000000000000000000000000000000000000000000000000000000000000000000000000000000000000000000000000000000000000000000000000000000000000000000000000000000000000000000000000000000000000000000000000000000000000000000000000000000000000000000000000000000000000000000000000000000000000000000000000000000000000000000000000000000000000000000000000000000000000000000000000000000000000000000000000000000000000000000000000000000000000000000000000000000000000000000000000000000000000000000000000000000000000000000000000000000000000000000000000000000000000000000000000000000000000000000000000000000000000000000000000000000000000000000000000000000000000000000000000000000000000000000000000000000000000000000000000000000000000000000000000000000000000000000000000000000000000000000000000000000000000000000000000000000000000000000000000000000000000000000000000000000000000000000000000000000000000000000000000000000000000000000000000000000000000000000000000000000000000000000000000000000000000000000000000000000000000000000000000000000000000000000000000000000000000000000000000000000000000000000000000000000000000000000000000000000000000000000000000000000000000000000000000000000000000000000000000000000000000000000000000000000000000000000000000000000000000000000000000000000000000000000000000000000000000000000000000000000000000000000000000000000000000000000000000000000000000000000000000000000000000000000000000000000000000000000000000000000000000000000000000000000000000000000000000000000000000000000000000000000000000000000000000000000000000000000000000000000000000000000000000000000000000000000000000000000000000000000000000000000000000000000000000000000000000000000000000000000000000000000000000000000000000000000000000000000000000000000000000000000000000000000000000000000000000000000000000000000000000000000000000000000000000000000000000000000000000000000000000000000000000000000000000000000000000000000000000000000000000000000000000000000000000000000000000000000000000000000000000000000000000000000000000000000000000000000000000000000000000000000000000000000000000000000000000000000000000000000000000000000000000000000000000000000000000000000000000000000000000000000000000000000000000000000000000000000000000000000000000000000000000000000000000000000000000000000000000000000000000000000000000000000000000000000000000000000000000000000000000000000000000000000000000000000000000000000000000000000000000000000000000000000000000000000000000000000000000000000000000000000000000000000000000000000000000000000000000000000000000000000000000000000000000000000000000000000000000000000000000000000000000000000000000000000000000000000000000000000000000000000000000000000000000000000000000000000000000000000000000000000000000000000000000000000000000000000000000000000000000000000000000000000000000000000000000000000000000000000000000000000000000000000000000000000000000000000000000000000000000000000000000000000000000000000000000000000000000000000000000000000000000000000000000000000000000000000000000000000000000000000000000000000000000000000000000000000000000000000000000000000000000000000000000000000000000000000000000000000000000000000000000000000000000000000000000000000000000000000000000000000000000000000000000000000000000000000000000000000000000000000000000000000000000000000000000000000000000000000000000000000000000000000000000000000000000000000000000000000000000000000000000000000000000000000000000000000000000000000000000000000000000000000000000000000000000000000000000000000000000000000000000000000000000000000000000000000000000000000000000000000000000000000000000000000000000000000000000000000000000000000000000000000000000000000000000000000000000000000000000000000000000000000000000000000000000000000000000000000000000004d6f68616d65642041626469000000059003000200000014000010a69004000200000014000010ba929100020000000333340000929200020000000333340000ea1c00070000080c0000089a000000001cea000000080000000000000000000000000000000000000000000000000000000000000000000000000000000000000000000000000000000000000000000000000000000000000000000000000000000000000000000000000000000000000000000000000000000000000000000000000000000000000000000000000000000000000000000000000000000000000000000000000000000000000000000000000000000000000000000000000000000000000000000000000000000000000000000000000000000000000000000000000000000000000000000000000000000000000000000000000000000000000000000000000000000000000000000000000000000000000000000000000000000000000000000000000000000000000000000000000000000000000000000000000000000000000000000000000000000000000000000000000000000000000000000000000000000000000000000000000000000000000000000000000000000000000000000000000000000000000000000000000000000000000000000000000000000000000000000000000000000000000000000000000000000000000000000000000000000000000000000000000000000000000000000000000000000000000000000000000000000000000000000000000000000000000000000000000000000000000000000000000000000000000000000000000000000000000000000000000000000000000000000000000000000000000000000000000000000000000000000000000000000000000000000000000000000000000000000000000000000000000000000000000000000000000000000000000000000000000000000000000000000000000000000000000000000000000000000000000000000000000000000000000000000000000000000000000000000000000000000000000000000000000000000000000000000000000000000000000000000000000000000000000000000000000000000000000000000000000000000000000000000000000000000000000000000000000000000000000000000000000000000000000000000000000000000000000000000000000000000000000000000000000000000000000000000000000000000000000000000000000000000000000000000000000000000000000000000000000000000000000000000000000000000000000000000000000000000000000000000000000000000000000000000000000000000000000000000000000000000000000000000000000000000000000000000000000000000000000000000000000000000000000000000000000000000000000000000000000000000000000000000000000000000000000000000000000000000000000000000000000000000000000000000000000000000000000000000000000000000000000000000000000000000000000000000000000000000000000000000000000000000000000000000000000000000000000000000000000000000000000000000000000000000000000000000000000000000000000000000000000000000000000000000000000000000000000000000000000000000000000000000000000000000000000000000000000000000000000000000000000000000000000000000000000000000000000000000000000000000000000000000000000000000000000000000000000000000000000000000000000000000000000000000000000000000000000000000000000000000000000000000000000000000000000000000000000000000000000000000000000000000000000000000000000000000000000000000000000000000000000000000000000000000000000000000000000000000000000000000000000000000000000000000000000000000000000000000000000000000000000000000000000000000000000000000000000000000000000000000000000000000000000000000000000000000000000000000000000000000000000000000000000000000000000000000000000000000000000000000000000000000000000000000000000000000000000000000000000000000000000000000000000000000000000000000000000000000000000000000000000000000000000000000000000000000000000000000000000000000000000000000000000000000000000000000000000000000000000000000000000000000000000000000000000000000000000000000000000000000000000000000000000000000000000000000000000000000000000000000000000000000000000000000000000000000000000000000000000000000000000000000000000000000000000000000000000000000000000000000000000000000000000000000000000000000000000000000000000000000000000000000000000000000000000000000000000000000000000000000000000000000000000000000000000000000000000000000000000000000000000000000000000000000000000000000000000000000000000000000000000000000000000000000000000000000000000000000000000000000000000000000000000000000000000000000000000000000000000000000000000000000000000000000000000000000000000000000000000000000000000000000000000000000000000000000000000000000000000000000000000000000000000000000000000000000000000000000000000000000000000000000000000000000000000000000000000000000000000000000000000000000000000000000000000000000000000000323031393a30363a31332030303a35313a343700323031393a30363a31332030303a35313a34370000004d006f00680061006d0065006400200041006200640069000000ffe10b1f687474703a2f2f6e732e61646f62652e636f6d2f7861702f312e302f003c3f787061636b657420626567696e3d27efbbbf272069643d2757354d304d7043656869487a7265537a4e54637a6b633964273f3e0d0a3c783a786d706d65746120786d6c6e733a783d2261646f62653a6e733a6d6574612f223e3c7264663a52444620786d6c6e733a7264663d22687474703a2f2f7777772e77332e6f72672f313939392f30322f32322d7264662d73796e7461782d6e7323223e3c7264663a4465736372697074696f6e207264663a61626f75743d22757569643a66616635626464352d626133642d313164612d616433312d6433336437353138326631622220786d6c6e733a64633d22687474703a2f2f7075726c2e6f72672f64632f656c656d656e74732f312e312f222f3e3c7264663a4465736372697074696f6e207264663a61626f75743d22757569643a66616635626464352d626133642d313164612d616433312d6433336437353138326631622220786d6c6e733a786d703d22687474703a2f2f6e732e61646f62652e636f6d2f7861702f312e302f223e3c786d703a437265617465446174653e323031392d30362d31335430303a35313a34372e3333383c2f786d703a437265617465446174653e3c2f7264663a4465736372697074696f6e3e3c7264663a4465736372697074696f6e207264663a61626f75743d22757569643a66616635626464352d626133642d313164612d616433312d6433336437353138326631622220786d6c6e733a64633d22687474703a2f2f7075726c2e6f72672f64632f656c656d656e74732f312e312f223e3c64633a63726561746f723e3c7264663a53657120786d6c6e733a7264663d22687474703a2f2f7777772e77332e6f72672f313939392f30322f32322d7264662d73796e7461782d6e7323223e3c7264663a6c693e4d6f68616d656420416264693c2f7264663a6c693e3c2f7264663a5365713e0d0a0909093c2f64633a63726561746f723e3c2f7264663a4465736372697074696f6e3e3c2f7264663a5244463e3c2f783a786d706d6574613e0d0a202020202020202020202020202020202020202020202020202020202020202020202020202020202020202020202020202020202020202020202020202020202020202020202020202020202020202020202020202020202020202020202020202020200a202020202020202020202020202020202020202020202020202020202020202020202020202020202020202020202020202020202020202020202020202020202020202020202020202020202020202020202020202020202020202020202020202020200a202020202020202020202020202020202020202020202020202020202020202020202020202020202020202020202020202020202020202020202020202020202020202020202020202020202020202020202020202020202020202020202020202020200a202020202020202020202020202020202020202020202020202020202020202020202020202020202020202020202020202020202020202020202020202020202020202020202020202020202020202020202020202020202020202020202020202020200a202020202020202020202020202020202020202020202020202020202020202020202020202020202020202020202020202020202020202020202020202020202020202020202020202020202020202020202020202020202020202020202020202020200a202020202020202020202020202020202020202020202020202020202020202020202020202020202020202020202020202020202020202020202020202020202020202020202020202020202020202020202020202020202020202020202020202020200a202020202020202020202020202020202020202020202020202020202020202020202020202020202020202020202020202020202020202020202020202020202020202020202020202020202020202020202020202020202020202020202020202020200a202020202020202020202020202020202020202020202020202020202020202020202020202020202020202020202020202020202020202020202020202020202020202020202020202020202020202020202020202020202020202020202020202020200a202020202020202020202020202020202020202020202020202020202020202020202020202020202020202020202020202020202020202020202020202020202020202020202020202020202020202020202020202020202020202020202020202020200a202020202020202020202020202020202020202020202020202020202020202020202020202020202020202020202020202020202020202020202020202020202020202020202020202020202020202020202020202020202020202020202020202020200a202020202020202020202020202020202020202020202020202020202020202020202020202020202020202020202020202020202020202020202020202020202020202020202020202020202020202020202020202020202020202020202020202020200a202020202020202020202020202020202020202020202020202020202020202020202020202020202020202020202020202020202020202020202020202020202020202020202020202020202020202020202020202020202020202020202020202020200a202020202020202020202020202020202020202020202020202020202020202020202020202020202020202020202020202020202020202020202020202020202020202020202020202020202020202020202020202020202020202020202020202020200a202020202020202020202020202020202020202020202020202020202020202020202020202020202020202020202020202020202020202020202020202020202020202020202020202020202020202020202020202020202020202020202020202020200a202020202020202020202020202020202020202020202020202020202020202020202020202020202020202020202020202020202020202020202020202020202020202020202020202020202020202020202020202020202020202020202020202020200a202020202020202020202020202020202020202020202020202020202020202020202020202020202020202020202020202020202020202020202020202020202020202020202020202020202020202020202020202020202020202020202020202020200a202020202020202020202020202020202020202020202020202020202020202020202020202020202020202020202020202020202020202020202020202020202020202020202020202020202020202020202020202020202020202020202020202020200a202020202020202020202020202020202020202020202020202020202020202020202020202020202020202020202020202020202020202020202020202020202020202020202020202020202020202020202020202020202020202020202020202020200a202020202020202020202020202020202020202020202020202020202020202020202020202020202020202020202020202020202020202020202020202020202020202020202020202020202020202020202020202020202020202020202020202020200a202020202020202020202020202020202020202020202020202020202020202020202020202020202020202020202020202020202020202020202020202020202020202020202020202020202020202020202020202020202020202020202020202020200a202020202020202020202020202020202020202020202020202020203c3f787061636b657420656e643d2777273f3effdb00430007050506050407060506080707080a110b0a09090a150f100c1118151a19181518171b1e27211b1d251d1718222e222528292b2c2b1a202f332f2a32272a2b2affdb0043010708080a090a140b0b142a1c181c2a2a2a2a2a2a2a2a2a2a2a2a2a2a2a2a2a2a2a2a2a2a2a2a2a2a2a2a2a2a2a2a2a2a2a2a2a2a2a2a2a2a2a2a2a2a2a2a2a2affc0001108004a003a03012200021101031101ffc4001f0000010501010101010100000000000000000102030405060708090a0bffc400b5100002010303020403050504040000017d01020300041105122131410613516107227114328191a1082342b1c11552d1f02433627282090a161718191a25262728292a3435363738393a434445464748494a535455565758595a636465666768696a737475767778797a838485868788898a92939495969798999aa2a3a4a5a6a7a8a9aab2b3b4b5b6b7b8b9bac2c3c4c5c6c7c8c9cad2d3d4d5d6d7d8d9dae1e2e3e4e5e6e7e8e9eaf1f2f3f4f5f6f7f8f9faffc4001f0100030101010101010101010000000000000102030405060708090a0bffc400b51100020102040403040705040400010277000102031104052131061241510761711322328108144291a1b1c109233352f0156272d10a162434e125f11718191a262728292a35363738393a434445464748494a535455565758595a636465666768696a737475767778797a82838485868788898a92939495969798999aa2a3a4a5a6a7a8a9aab2b3b4b5b6b7b8b9bac2c3c4c5c6c7c8c9cad2d3d4d5d6d7d8d9dae2e3e4e5e6e7e8e9eaf2f3f4f5f6f7f8f9faffda000c03010002110311003f00fa159dc31f99bafad57b9bd16e85a49b6003ab362ad4ca59180383ea2bc7be2f3d8695a619aeae259ef266d905bf9c42fd481e82bc3b4dcd46e6e9a4ae73bf157e2c3cf23e9de1ad5750b5b9b493124b6d3150fea383ce2bcae5f889e2f9650b0f8af5a8801f3675094e7ff1eac7bc9516f249532198fcd8e2b365550c591c927935ec421c9151324f99dcee3c33e3af175f789eca19bc63a94700955a56bad46511ed07273f373c57d5b697ef776715c5bddb4b148a195d5c90c3d6be198f89159b9e7918eb5f5bfc3af17693adf86ad60d3996336f0ac6606182b818ae3c57359346d4ac9d99d93dc5caff00cb793fefa35b96ecc6da22c49250649efc56232064e0e715b76e316d17fb83f954e124db771d6492466f88b59b6d0747b8bfbb7da91a93c9ea6be4cf18ebb7de2cd74ea4ecc543108a4f0abe80576bf1c7c7a755d4bfb1ec1f6dac0e43107efb0e09fe95e3eba93c732448d81b864d76c29a8cb999c8e4de88d5d3fc3179ac48e6de266c1c31c74e6ba3b0f841ae6a0a592d5155864b31af40f85d6371af41bed6165b64201988c06ff1af6fb0d361b2b758d4027b9c75a1ca4dd922d45257b9f2ddc7c12d652df747e59da09231589e16fed0f05f8cad7ed2ad1a99446eb9e18138afafaf2d10c470a2bc1fe2cf86fecdb358b5c7fa3c81dd71ee39ae69d66a4e1346ca9a71e689ec568de64008ee335d143ff1ef1ffba3f9572da1bfda74bb7b8072258d5ff315d4c43f729fee8ac707f1491557e14cf897c6bba4f155f83cff00a5cbff00a11ac7d034afedcf1758697cff00a4ceb1b11d813cd741e260bff091ea99ff009fa97afaef35d97c16f06fdb2f87884a8916cee30bb4f208eb9af526d28dd9c74cfa06c34eb0f09685059da8f22dadd304aaf5c77359167e2bb6bfd59e2d3af2e5cc67e7478be51f8e2bb211c77508f3006561d08cd575d1ece298ca91057639240c66b93d9c9aba675c6718e8d195e28d527b1d143c2acd2c9c0f2d72471d40af16d6ddf59d2efa26b5bd466b7793cd998fcd807b76fa57bc6b50abda231c7eedb35cc78874eb63612aec50254da4fb1ae4aeed236a7152809f0f4bb78034632e777d91339fa57770ff00a88ffdd1fcab96f0ed8fd87c39a7da8e91c08bfa575510c4283d14569858fbf266152f648f867c4970d2f8b7535f4bc9bf20e6a4f09fc48f1178360bab6d16e1160ba6dd224899e7d47a1aade269957c5bacbc633fe95322fb92e7358c11616c3101c8c7ad7a738dd599cf0d0fb8bc0bae2f88bc2161a9a364cf0ab30f46c723f3adf9678e2ff5ae173d32715e3df05b50934ff025aa86f34293bd01e809cf4af5382fad3524f95949ec0f515cee6a3eea354b99dd991acdc69e236417721e7732292735cedc6ab6b35d5b2df4e96f6ef2000c8d8cfa0aea354d2a310bbbce514024f41c57cadf13bc64bac6b5f61d3e4cdad9b9fde29fbec0d71ba4e75353adce31a7689f5ac5b4a0f2c823b60e6b5a3ff549fee8af8bfc2bf14b5ef0ecea16ea49e10466391b22bebbd0b573aa78774dbf64da6ead22988f4dc81bfad7653a5c926d1c4ddcf87bc49bff00e12ed5bcb46c0be9b1c77de6aa5b5b48650f2a966ce46475afd01f2d3fb8bf951e5a7f717f2ae94c97a9f13e95adeb7a1fefb4a925b63fec9254fd456b7fc2c1f15496d753b5e6cba800911e3403233ce40eb5f616c4feeafe546c4feeafe549d9bbb44a4d6ccf8af5af89de32d634f7b1bbd4e4111186f2976961ee6b8731386c956fc457e867969fdc5fca8f2d3fb8bf954b468a4fa9f9eea1bfbadf957dbde0907fe15ff87bfec176dffa296baaf2d3fb8bf953b03d05313d4fffd9, NULL, 7),
(8, '2019-04-16', 'Unknown Child Photo', 0xffd8ffe000104a46494600010101007800780000ffe110f24578696600004d4d002a000000080004013b00020000000d0000084a8769000400000001000008589c9d00010000001a000010d0ea1c00070000080c0000003e000000001cea0000000800000000000000000000000000000000000000000000000000000000000000000000000000000000000000000000000000000000000000000000000000000000000000000000000000000000000000000000000000000000000000000000000000000000000000000000000000000000000000000000000000000000000000000000000000000000000000000000000000000000000000000000000000000000000000000000000000000000000000000000000000000000000000000000000000000000000000000000000000000000000000000000000000000000000000000000000000000000000000000000000000000000000000000000000000000000000000000000000000000000000000000000000000000000000000000000000000000000000000000000000000000000000000000000000000000000000000000000000000000000000000000000000000000000000000000000000000000000000000000000000000000000000000000000000000000000000000000000000000000000000000000000000000000000000000000000000000000000000000000000000000000000000000000000000000000000000000000000000000000000000000000000000000000000000000000000000000000000000000000000000000000000000000000000000000000000000000000000000000000000000000000000000000000000000000000000000000000000000000000000000000000000000000000000000000000000000000000000000000000000000000000000000000000000000000000000000000000000000000000000000000000000000000000000000000000000000000000000000000000000000000000000000000000000000000000000000000000000000000000000000000000000000000000000000000000000000000000000000000000000000000000000000000000000000000000000000000000000000000000000000000000000000000000000000000000000000000000000000000000000000000000000000000000000000000000000000000000000000000000000000000000000000000000000000000000000000000000000000000000000000000000000000000000000000000000000000000000000000000000000000000000000000000000000000000000000000000000000000000000000000000000000000000000000000000000000000000000000000000000000000000000000000000000000000000000000000000000000000000000000000000000000000000000000000000000000000000000000000000000000000000000000000000000000000000000000000000000000000000000000000000000000000000000000000000000000000000000000000000000000000000000000000000000000000000000000000000000000000000000000000000000000000000000000000000000000000000000000000000000000000000000000000000000000000000000000000000000000000000000000000000000000000000000000000000000000000000000000000000000000000000000000000000000000000000000000000000000000000000000000000000000000000000000000000000000000000000000000000000000000000000000000000000000000000000000000000000000000000000000000000000000000000000000000000000000000000000000000000000000000000000000000000000000000000000000000000000000000000000000000000000000000000000000000000000000000000000000000000000000000000000000000000000000000000000000000000000000000000000000000000000000000000000000000000000000000000000000000000000000000000000000000000000000000000000000000000000000000000000000000000000000000000000000000000000000000000000000000000000000000000000000000000000000000000000000000000000000000000000000000000000000000000000000000000000000000000000000000000000000000000000000000000000000000000000000000000000000000000000000000000000000000000000000000000000000000000000000000000000000000000000000000000000000000000000000000000000000000000000000000000000000000000000000000000000000000000000000000000000000000000000000000000000000000000000000000000000000000000000000000000000000000000000000000000000000000000000000000000000000000000000000000000000000000000000000000000000000000000000000000000000000000000000000000000000000000000000000000000000000000000000000000000000000000000000000000000000000000000000000000000000000000000000000000000000000000000000000000000000000000000000000000000000000000000000000000000000000000000000000000000000000000000000000000000000000000000000000000000000000000000000000000000000000000000000000000000000000000000000000000000000000000000000000000000000000000000000000000000000000000000000000000000000000000000000000000000000000000000000000000000000000000000000000000000000000000000000000000000000000000000000000000000000000000000000000000000000000000000000000000000000000000000000000000000000000000000000000000000000000000000000000000000000000000000000004d6f68616d65642041626469000000059003000200000014000010a69004000200000014000010ba929100020000000339380000929200020000000339380000ea1c00070000080c0000089a000000001cea000000080000000000000000000000000000000000000000000000000000000000000000000000000000000000000000000000000000000000000000000000000000000000000000000000000000000000000000000000000000000000000000000000000000000000000000000000000000000000000000000000000000000000000000000000000000000000000000000000000000000000000000000000000000000000000000000000000000000000000000000000000000000000000000000000000000000000000000000000000000000000000000000000000000000000000000000000000000000000000000000000000000000000000000000000000000000000000000000000000000000000000000000000000000000000000000000000000000000000000000000000000000000000000000000000000000000000000000000000000000000000000000000000000000000000000000000000000000000000000000000000000000000000000000000000000000000000000000000000000000000000000000000000000000000000000000000000000000000000000000000000000000000000000000000000000000000000000000000000000000000000000000000000000000000000000000000000000000000000000000000000000000000000000000000000000000000000000000000000000000000000000000000000000000000000000000000000000000000000000000000000000000000000000000000000000000000000000000000000000000000000000000000000000000000000000000000000000000000000000000000000000000000000000000000000000000000000000000000000000000000000000000000000000000000000000000000000000000000000000000000000000000000000000000000000000000000000000000000000000000000000000000000000000000000000000000000000000000000000000000000000000000000000000000000000000000000000000000000000000000000000000000000000000000000000000000000000000000000000000000000000000000000000000000000000000000000000000000000000000000000000000000000000000000000000000000000000000000000000000000000000000000000000000000000000000000000000000000000000000000000000000000000000000000000000000000000000000000000000000000000000000000000000000000000000000000000000000000000000000000000000000000000000000000000000000000000000000000000000000000000000000000000000000000000000000000000000000000000000000000000000000000000000000000000000000000000000000000000000000000000000000000000000000000000000000000000000000000000000000000000000000000000000000000000000000000000000000000000000000000000000000000000000000000000000000000000000000000000000000000000000000000000000000000000000000000000000000000000000000000000000000000000000000000000000000000000000000000000000000000000000000000000000000000000000000000000000000000000000000000000000000000000000000000000000000000000000000000000000000000000000000000000000000000000000000000000000000000000000000000000000000000000000000000000000000000000000000000000000000000000000000000000000000000000000000000000000000000000000000000000000000000000000000000000000000000000000000000000000000000000000000000000000000000000000000000000000000000000000000000000000000000000000000000000000000000000000000000000000000000000000000000000000000000000000000000000000000000000000000000000000000000000000000000000000000000000000000000000000000000000000000000000000000000000000000000000000000000000000000000000000000000000000000000000000000000000000000000000000000000000000000000000000000000000000000000000000000000000000000000000000000000000000000000000000000000000000000000000000000000000000000000000000000000000000000000000000000000000000000000000000000000000000000000000000000000000000000000000000000000000000000000000000000000000000000000000000000000000000000000000000000000000000000000000000000000000000000000000000000000000000000000000000000000000000000000000000000000000000000000000000000000000000000000000000000000000000000000000000000000000000000000000000000000000000000000000000000000000000000000000000000000000000000000000000000000000000000000000000000000000000000000000000000000000000000000000000000000000000000000000000000000000000000000000000000000000000000000000000000000000000000000000000000000000000000000000000000000000000000000000000000000000000000000000000000000000000000000000000000000000000000000000000000000000000000000000000000000000000000000000000000000000000000000000000000000000000000000000000000000000000000000000000000000000000000000000000000000000000000000000000000000000000000000000000000000323031393a30363a31332030313a30333a313200323031393a30363a31332030313a30333a31320000004d006f00680061006d0065006400200041006200640069000000ffe10b1f687474703a2f2f6e732e61646f62652e636f6d2f7861702f312e302f003c3f787061636b657420626567696e3d27efbbbf272069643d2757354d304d7043656869487a7265537a4e54637a6b633964273f3e0d0a3c783a786d706d65746120786d6c6e733a783d2261646f62653a6e733a6d6574612f223e3c7264663a52444620786d6c6e733a7264663d22687474703a2f2f7777772e77332e6f72672f313939392f30322f32322d7264662d73796e7461782d6e7323223e3c7264663a4465736372697074696f6e207264663a61626f75743d22757569643a66616635626464352d626133642d313164612d616433312d6433336437353138326631622220786d6c6e733a64633d22687474703a2f2f7075726c2e6f72672f64632f656c656d656e74732f312e312f222f3e3c7264663a4465736372697074696f6e207264663a61626f75743d22757569643a66616635626464352d626133642d313164612d616433312d6433336437353138326631622220786d6c6e733a786d703d22687474703a2f2f6e732e61646f62652e636f6d2f7861702f312e302f223e3c786d703a437265617465446174653e323031392d30362d31335430313a30333a31322e3937383c2f786d703a437265617465446174653e3c2f7264663a4465736372697074696f6e3e3c7264663a4465736372697074696f6e207264663a61626f75743d22757569643a66616635626464352d626133642d313164612d616433312d6433336437353138326631622220786d6c6e733a64633d22687474703a2f2f7075726c2e6f72672f64632f656c656d656e74732f312e312f223e3c64633a63726561746f723e3c7264663a53657120786d6c6e733a7264663d22687474703a2f2f7777772e77332e6f72672f313939392f30322f32322d7264662d73796e7461782d6e7323223e3c7264663a6c693e4d6f68616d656420416264693c2f7264663a6c693e3c2f7264663a5365713e0d0a0909093c2f64633a63726561746f723e3c2f7264663a4465736372697074696f6e3e3c2f7264663a5244463e3c2f783a786d706d6574613e0d0a202020202020202020202020202020202020202020202020202020202020202020202020202020202020202020202020202020202020202020202020202020202020202020202020202020202020202020202020202020202020202020202020202020200a202020202020202020202020202020202020202020202020202020202020202020202020202020202020202020202020202020202020202020202020202020202020202020202020202020202020202020202020202020202020202020202020202020200a202020202020202020202020202020202020202020202020202020202020202020202020202020202020202020202020202020202020202020202020202020202020202020202020202020202020202020202020202020202020202020202020202020200a202020202020202020202020202020202020202020202020202020202020202020202020202020202020202020202020202020202020202020202020202020202020202020202020202020202020202020202020202020202020202020202020202020200a202020202020202020202020202020202020202020202020202020202020202020202020202020202020202020202020202020202020202020202020202020202020202020202020202020202020202020202020202020202020202020202020202020200a202020202020202020202020202020202020202020202020202020202020202020202020202020202020202020202020202020202020202020202020202020202020202020202020202020202020202020202020202020202020202020202020202020200a202020202020202020202020202020202020202020202020202020202020202020202020202020202020202020202020202020202020202020202020202020202020202020202020202020202020202020202020202020202020202020202020202020200a202020202020202020202020202020202020202020202020202020202020202020202020202020202020202020202020202020202020202020202020202020202020202020202020202020202020202020202020202020202020202020202020202020200a202020202020202020202020202020202020202020202020202020202020202020202020202020202020202020202020202020202020202020202020202020202020202020202020202020202020202020202020202020202020202020202020202020200a202020202020202020202020202020202020202020202020202020202020202020202020202020202020202020202020202020202020202020202020202020202020202020202020202020202020202020202020202020202020202020202020202020200a202020202020202020202020202020202020202020202020202020202020202020202020202020202020202020202020202020202020202020202020202020202020202020202020202020202020202020202020202020202020202020202020202020200a202020202020202020202020202020202020202020202020202020202020202020202020202020202020202020202020202020202020202020202020202020202020202020202020202020202020202020202020202020202020202020202020202020200a202020202020202020202020202020202020202020202020202020202020202020202020202020202020202020202020202020202020202020202020202020202020202020202020202020202020202020202020202020202020202020202020202020200a202020202020202020202020202020202020202020202020202020202020202020202020202020202020202020202020202020202020202020202020202020202020202020202020202020202020202020202020202020202020202020202020202020200a202020202020202020202020202020202020202020202020202020202020202020202020202020202020202020202020202020202020202020202020202020202020202020202020202020202020202020202020202020202020202020202020202020200a202020202020202020202020202020202020202020202020202020202020202020202020202020202020202020202020202020202020202020202020202020202020202020202020202020202020202020202020202020202020202020202020202020200a202020202020202020202020202020202020202020202020202020202020202020202020202020202020202020202020202020202020202020202020202020202020202020202020202020202020202020202020202020202020202020202020202020200a202020202020202020202020202020202020202020202020202020202020202020202020202020202020202020202020202020202020202020202020202020202020202020202020202020202020202020202020202020202020202020202020202020200a202020202020202020202020202020202020202020202020202020202020202020202020202020202020202020202020202020202020202020202020202020202020202020202020202020202020202020202020202020202020202020202020202020200a202020202020202020202020202020202020202020202020202020202020202020202020202020202020202020202020202020202020202020202020202020202020202020202020202020202020202020202020202020202020202020202020202020200a202020202020202020202020202020202020202020202020202020203c3f787061636b657420656e643d2777273f3effdb00430007050506050407060506080707080a110b0a09090a150f100c1118151a19181518171b1e27211b1d251d1718222e222528292b2c2b1a202f332f2a32272a2b2affdb0043010708080a090a140b0b142a1c181c2a2a2a2a2a2a2a2a2a2a2a2a2a2a2a2a2a2a2a2a2a2a2a2a2a2a2a2a2a2a2a2a2a2a2a2a2a2a2a2a2a2a2a2a2a2a2a2a2a2affc000110800d800ae03012200021101031101ffc4001f0000010501010101010100000000000000000102030405060708090a0bffc400b5100002010303020403050504040000017d01020300041105122131410613516107227114328191a1082342b1c11552d1f02433627282090a161718191a25262728292a3435363738393a434445464748494a535455565758595a636465666768696a737475767778797a838485868788898a92939495969798999aa2a3a4a5a6a7a8a9aab2b3b4b5b6b7b8b9bac2c3c4c5c6c7c8c9cad2d3d4d5d6d7d8d9dae1e2e3e4e5e6e7e8e9eaf1f2f3f4f5f6f7f8f9faffc4001f0100030101010101010101010000000000000102030405060708090a0bffc400b51100020102040403040705040400010277000102031104052131061241510761711322328108144291a1b1c109233352f0156272d10a162434e125f11718191a262728292a35363738393a434445464748494a535455565758595a636465666768696a737475767778797a82838485868788898a92939495969798999aa2a3a4a5a6a7a8a9aab2b3b4b5b6b7b8b9bac2c3c4c5c6c7c8c9cad2d3d4d5d6d7d8d9dae2e3e4e5e6e7e8e9eaf2f3f4f5f6f7f8f9faffda000c03010002110311003f00e6e6f324669119f9739c31e467b55785cf98774b27ca7e519ea6afcd69b163512e02e7a77aacb6f146c4cadb77aeec91d2ba0c466f9d47eed9c86eb96eb503df4858fcce7fde27229df2860c1b09b7029df2bc8824c1eb9dbdfd2802133bfcdb26909c75dc69b1c93c8e0492ba845c01baac4902bdc109f2f19351bdbcb7572b15b9562cc00f5cfd28183899e40a92b6319fbd4db8798c780c415e8435753a17c3dd5f506de6458205525ae2520051e846734ed6741f0de996fb27f1123cea0eed91ee1fa566ea451a460d9cbe1cb7cb239c8eb9e9522cb38e227623383863935a1a7dee871c6eb12497cc71fbd71b235ad387539ac2cdee6d96ce34704ec8882c47a64d672acba0d41b398964b98f71916651d79cf150aea32a28ccac41ef935d12f8aed65964373a735cb15f98cd80a3db8e6a03aae8370d89f47863c7428e467f0cd47b74b72fd936640d4e4ce0cac33cfde3538d4647f93cd62339037629f733e833a9586d1ed88e01193f8f3541ad08c35b379c9db079fcaae35a322254a495c98dd3ee215db93eb510bc93ccfbec7f1a663cbcab7e350b0dd2929d2b64645f4bc948c6f61f8d5c82fa50bf7cf1c1c9acc111419dd9238c54b130ce64c85ef54234fed4f8cbcac3db750d339fbb2311ebbab352412300738cd5956524056c0c64fa8a00b7f6891954166e3a7cd5eb7f084b9d0afb7927fd20633fee8af218f9e3823a9af62f84c00d0ef707399c7fe822a65b0d6e78db5d2948bcb42e482405ec4d36e10dc5b801369c0e18f4f7a8a18cc2a631d77639e87e948cde5daaa8cbb3124003afb55088f72b22c61d084fbc71d49ed55925224db91c375e9523472e59c4441271d69d2f9691ba9401f6e3d681972cad1ee981890e73b49240ddf9d769a5f87346d0226d575f6133310618237233ec71d6b9df0b696f1ab5d5ec8b1c0b86387196f404761f5ac1f18f8c5ae65648cb6c8d888fe7cf1f87ad71559c9be547553824b9a46f78cbe27497f0bd9dbc7f66b48ce1228be51f538af29bcd6daf136125bfbc5b271e9534e1eeedfcc9171919200c7ffacd654b08e17ee11fc0bdfeb51149049f62f584a58ed66b89f1f7517a0fd6ba0b2d52e5091b60509c812820e7db3deb9db4bb7b70042a01e992335761967662cd96cf0723ad2958b8a7d0bfaa7896f6ed97fd29a24538d81415e3d38a5b5d6af244da654931d07943f9d509e357505a36c63ad4b6f66e537c6d8c738f4a4ed634e595c927bb0c4f9f6ec0ff007c0e83f0ad7d364511896d675ff759f691f4c9ac86b9b9490c2ede646dc151c7e943c3e53abdbcaa9b8f285b69a8635737dafe2bb94a4ea12507ef0e84fbd309f2a76dc3deb30346b6d9666693df9c558b3ba370bf669486719d8d9ebed5b51aad3b48c6a534d5d1334ede6e7d7a5596cedc3723bd57dacf863d179e6a58fe620f53d07d6bbce2258db3f2a00a3fbc7ad58d81f91907a67d6ab28e7e5c904f2718ab71e235e7a1f5140166dd731b57b0fc25ff00902df71ff2f03ff4115e40afb54f031ed5ebdf0898b6817b9ebf68ff00d9454cb61c773c62391844ceea037383ef9e950dbc8bbb2fc16e98ec29d785a156ee4fe951c0a7cade476e38aa112b235c5c14328c74c83c75a65dfc8c1179038247269b05c2bc847476e0d4a110cc01c658e091dfe949ec35ab175fd5069fa0c36cd3991e5058aaae0600e33cfbd796cb7af24d9ce420f947a56f78c35069b5231a0c2c4a131f4ae4b3b9b03f1ae54936d9d126ed634d353b8dbb4b9e0607b55cb4b4f39c33e4961907f0acfb2b5f3d8c8721475aecf47d38490c4ee405ced1ec2b29b48d69439b7134fd1229adb7380bcfa6735b763a0fcfba45023db90056c69fa72974523f76391c7535d5d969d015195fd2b95c99e9c292470fff0008e452b604479f6e00a94f849c28110ce7d6bd252c21da02a01527d8d5080a99fc2a6ed96e08f2093c2972b74e7ca042752463355ef605f2da09201903f8901af5fbb8955082807e15c86a7a725c4db93ef1381c51ccc9f6699c22e9fe7aa94da244182b9c6ea92e2c3cab61340855f3bb776cfb7a1e2ba69fc373c11897e656ea3033599769305314a4157182b8a6a4ee61282456b76f3e2472396f7a9963230a073efdaa8e8af219a4b77c1d8d80c4fad695c4bb66db1606dec79fc2bd883bc51e34f4913c76ea0e0ff76967c6e0130b8ed51daccffeb0e0b11c827a55816eb2029cf9cbcb7a62ac81170065f8dc72b5ec3f090e743bec7fcfc7feca2bc88c608fbb9db8db5eb9f08ffe4057d8ff009f8ffd9454cb62a3b9e2971291230da5caf42dd0d23b32141173bc678fe1144270c7cecb29e99ed4d9a4537080b0c4679fa55088b6ac33018c3313c63a0cfad5b8a565bd88a92c0f5c700551994acad229dc98c2e4d58b7499146e8ce490416fe74a5b0d6e79cebcf23eb572af924ca739ebd6a845065c803bd6cebf6eb1788ee53706daf9047d2abdbaed91bd4b71fa5729d1b9b1a169bbe3785c637927f215d568d01dbe491f75b0411d2b374a8cc9727c9e83e60de991c8aea6c2dc4728fe266e49ae4a8cf4a845236ec61da8b9e08adeb3c2e326b2ad63e066b4a0438c0ae73b51b31302bc1ab91a67049eb59b0232a81d6b4a24ce38238ab893209acd2604364d64bf8750cc189f941dd8f535b4cac3eb4dc9cfa9a6d5c5a9045a746d0323a06c8c608af28f19d94b6d78f1c44aa06da39e3a57b244483cd70bf10f4f234f6ba8b9224ce285b984d6e7955ac125bdcef67237f06b5fcb89f939257193d3359d1c86e7855e8d8c7e02b52d2dfcc46cb60fbf715ea51f84f1ab7c44c16354019f95ebf291fad5bb678de691c02876804fa555bab7d91ee46623a727bfa54d6994563838c927df8e2b6312f200b21e78cfa57aafc2a50ba35f00db8fda39ff00be45793a48af18d9cb81c83c7e55eaff000a1d5b43bcc0c11380c3fe022a65b151dcf11dfba39234e71cfb8a2d2c43cc3cc3d46718e4d59852356755192cbb47ab1a6abc96b23eddaec00dc3ae3d85508ab751ac72951b71bf0547a54a4f956c56e092fb408dbd876a8ef48241886edc033363a7b1a7c08d7922441c08c92cc08fbb8eb43692bb1a4e4ec8f36d58b9d6ee37e46e7e09f4a7c40fca41c9245753e30d04c90c77d6919c01923dbb5731a6012dc2ac9f20dc3058607e75c3cea5aa3b254a50972b3d0343b75b3b34ddd58649ad5b5bb8d256663855ee6aad8c2b2db2a47f395ee2afda6971fda0896033381bb6938551ea7b572ead9e847dd4491f8a42c9b20b692603ba2939abb0f8ae756f9f49b88947f13102aa4be264d26dd9d74a530c676991016008ea3a62b6a3ba6d474b7bcb48a39215c079173b012338ce0d69c9e42f68af6b9d1683a845a9c24f471d477adf836679f5ae0b4ebd86d2ec6f4fb3cc47233c1ff1aeb6d6e3cd8836ece7b8acdd9334577a97ee27822dc5d800a3927b564b789f444c87b9c30e3ee1aa7aaea76766a64bd9085ce303bd57d3f5cd39e4568ed4a83d0ba018fceaa3aec4395b7669278a34c7900472413d718ac9f1e112786e796dcef52a08c77e6b56e755d18a16bb542a7a90bbb1f95616a696b77e1dbb3a55c7da6dd908419fba7238a9b3b837747965844d0dac51eddcd20dec49e95aa9f222b138e78a6bdb4d6b70f6d72811a2c0604f7f6ab40c7e5aee50c58f27d2bd68a49687892bf33b8d988648fcac9039c75393dea782468fcc332056c0e08a86268fcc51192177719a926c15c96cf1d0fa5512204676dcbd58f615ebdf091366877d86dd9b81cffc045791dab9742a18162bc03fcabd6fe111ce857a39c8b81907b7ca2a65b0d6e78dbbba8f3136939e84e73ee29b6ff3e666054630d819ce7f9512c21dca28c36ec90074a8a6963b701639495e840eb542150f9cdb33f29524803d29d6857ccc26e0cd0b28c8ef4e59a27da61e39c67a66a26616f7c8f1361118700fdef5a53578b45d3972cd33a0b78967d1c4975f2af96142819ce2b94d37445b6d4ee62081a37c30c8ec7b1aebd01fdd639879fc2abbc4b1ea465460dbd4723f9578c9b4ac7d04ed2698cd2fc33a7c133c8b098bcc003796e573f91ad5d2b4c86d7ed967648551d8499772c46463bfd2a4b690eded57ad9196e3ce8c2862369f714b9987b35d1125ae8267b3fb35cc64c79ce36f06b6d121b1d0ce9b145b2dc03f2a2633f5f5a7d8dfca91ed3186e3a86155f52bc731b621901f653549b44b8a6f5479d6b5225b5e456f6b97bb461e5063c0527a13e9fe15e81e1eb7d424b3ccd7d0efd9c46917ca0fd49c9ae5ae2d0cf32de5c42a863c843dc9cf535bfa1dc347001d727ad292b235a70e64c86d76eb6d7afa82856b62d046636fbadddf1ef9c6297c2de0c3a7c9335f14b880ac8208f68ca6f6c924e33daafdac9069daccb23a7ee6e4287e32011d0fe47f4adc17760a3314d1af7c2ca0d5c66d6c73ce8c5fc48c8d3fc37fd93316563267bb75fc7deb1fc5ba75fc9228d0e68ecc4a81ee3299079c0c0f5aebd7c43a7a42c82512c99e12205ce7f0aa0e3cd85ae268f63ca4109fdc03a0a2f6d4146fa1e5be2a49adb534495f7cbe48595f18dc54919c76c815931c922c7bb195ad2f125c7da7c5175e6b708c117f2e7f5aafe546a879c1c57a94fe1478d59a751d8645266507ee8ea73fad5b0a6490a9e07a63a0aa277295c8c771ed563cc1fde6607ae462acc896480c47764803a66bd7be10b07d06f580c1fb40cffdf22bc8ca7ca4caa4742057ae7c20dbfd837db401fe903a1ff6454cb61adcf1891e4121f90eeddf7fb8e6990a24e769c85ddc027934e919a3de5c9605b8c74cfbd3add5246fbdb64c1393daa8455bb8b3ca9c8cfddf4f7aaf0d9c8ea5f7e31d0b1c56932a12e64002ae178ec69b22b08479a073f74e39a00dbf0f5dc72aef9d8653e520f43ef52de9892ecb2711b72a718ef5ccd95e35ab82c10c6dd403d2accfaea6a3322c7098d6318e5bef7bd79952938c9b5b1ecd0af09c126f53a4b6955472df4adab19030073c571f0cf9c027f5aea749c3a819ac0ed8cac6e40cbd866aeb988444cb1a918ea6aac5b225ce2b3b5ebe77b168e02031e284393b9cff008835937373e45aafee91b68da38cd741e1bb69a4862f310e1ba6462b8f125c47647ecf0c2f386cbc72b6d247a835bde1ef105c282922b0dbc6d3ce0fb53b37b8ef65a1d86a3646dd527f2c955386f614e16d6f347b954723d2aa4baccd222472101707703d4f1442e6d1e3e7e471c7b51a10ef61cc890b6117155f51ba4b580c931c4688598fa55c98ac92065ae57c777b15be8ef13ca15e7f9157bb7ad118de5626a4f969dcf3db895ae6ea6ba6c132c85dbd8934f8df71017ffd550c48a46e2e421edeb5342c23c6dfbc4fe42bd8d1688f9d6eeee5a52394192b9e091cfe34e8fe59432e32a72076a7ccf012366e3c73f2f39a8583901c00bdbeb408b3339323313b83739cd7ad7c1d6ce837ff00f5f03ff4115e43e51552c5f04f15ebbf0714ae817f9ff9f81ffa08a52d86b73c6e74926942a65b6e4edc81c557f30057c2ec66e036338145b333485b7602b76ebd69f3c4d192149239c923ad50880382c157b907711cb1cfe9566f87ee874ce7236d46b644ce9839461b8362a5baf2c068377ce7079a6233f747b5a3da0c9d323ad41046239c107a9c5599e6b686370102ed1cc86aadb31b8b14b9c6dded951fece3afe38ae7aed72599d3875fbcb9d1db0f94574ba54e4055cd72da6cdba3c1ae86c2411cca08e0fbd79ad1ec9bf7b70628576704f524f4ac43760b10496cfad6cdf5a9bcd364f24e1f6800fa5706f6daa594c4095655cf1bd79fd288e85c7de3616d5a6b80482016c62ba7b7b0481159106e00726b91b1bed4b2311807b73ffd6ae82d357d5029f3ad5493f74000e7f1abb9a7b26d1d20895941da39e718a496132a95638da323daa826a9aa90aa74f04f606a67bad419e2125b2c40f5c3e7fa527622509245888b18c0ce78eb5e6de3fbcfb46bf15a83ff001ee993f56e7f957a5a95b7b567930368c93e95e27a85fb6a1af5e5d38ff5b292a7d07415ae1a379367063276a7cbdc551951839c77356c20401dbe718e00355e342848c6ee78e2a61320dc85720f4cf6af40f249e3977654e020e76af1fad34c85dc9e48ce40a664c70fcbc83c9c5303b64143c8ed5405b479163c91b813d0d7b07c1c7f3340bf3ff4f23ff4115e32acef8e326bd9fe0e67fe11ebd1c605c0008eff0028a996c35b9e1b04ad1ee60390dc1153dc5c2998b120276278aa777a8c3046c8a32725946723f4ac0babb9e763f33053d81aad846cdd6af736cbb6d3cbe982d23018fc2b326d66e8a977955c119dc570587b0f4fad672c264750dd09c1a92ee1067faa7005171f294750d5659d586723a5753a1fef749871c8f2c0fcab8e9e20a381cd75de0e97cdd3c447aa12b5c988bb8a676e17e2b1a504ed6f2007a56fdadd6f0194f3587750ed2411cf6a65bdd35bb80491cd723b347a5d0f4ad26f95e1c31ea30454b77670ceb909ce7a8ae4f4ad479dbbbad7516b72e23183ba9584ae8921b02bc88c38f715a768cc840f2d411d0e2a2b7b876c6d5e73dab5ada1caee2bce3a629c59af334b5648acc5727018f19c540d99a4c11c21e4d5a1049290a142d41aacb0e9962f24aeaa0292cc4f4c77a996e4f37739df17ea8967a4cb1ab61e6f900ce303bd798f9700930d80401516b7e334d675c7596365b70db62727a8f5fc6a49d0cb1a491ed3ce0906bd2a34f923af53c7c4d5f693d3642874fb41573c03cfd29aeeaafb41cf706a0955e5b86006d23dfad394ed89839cf615b1ca4fe68087be78a556c0e83eb5109a32814a1e01efde98add1472450068464a8de3900d7b2fc1b3ff120bfff00af9cff00e3a2bc521942850dc7b57b57c19cff0060ea018e48b91d3fdd1532d86b73e6dd85892c71cfa523a0153e0e0f03ad55b86c0aa6243edd416a8af9b6ea1101d39153d8ae71ee6ab5e60ea009e80e2a4aea41796fb46e1dc715a1e0b9fcbd51adc9c09791f51ffeba2e620d6648ed5916f3bd85fc57117051830359d48f345a35a53e59267a85ed9165ce307158971011d6bb2d2e5b7d6f4b8ae2dc83b97e61e87d2aa5ee905b236e0d795aa7667b4a4a4ae8e66daedade40413c575fa2788225dab363d0d72d77a6491b74355a38e646cf35a730d23d8ac752b49706365c93d3d2b622bf8860f1f8d78adade5ec44796cd5b9697babcf855247bd2e62ed73d4a6d6adade324900fd6bca7e2ceaf3df585b5ac52322cec5dd41fbc83800fb139fcaba3d3f4e958ab5cbb48e4f426bcfbc6b782fbc5372108f2ad48b74c7aafdeffc789ada8479e7a9cb8a92853b2ea7372e9e64d3524fe245c55ad075164658661b82f033d4568ac78b77423b64573fbc43a812bf4af4ef63c347652d9c337ef639bca6ce76b8e3f03550d9ed62410d83d01aab0c8d35beddc719e07a5527964b79364a0bafae7915564c5b1acd16f4d838e7a544b130939f5c62a3b29ee5665f3489addbeeb138615ade589ffd49cf6c74349aec3b95027972f5078ebe95ed7f05d4ae81a80273fe920e7fe022bc73ca108deca49cd7b0fc1524f87f50cffcfd0ffd045672d8a5b9f3a86e2aadcad5853c67ad579db72915649369edf30ff1aa778d9909ef9a5b39364bc1e3350cce0a9cf5cf153d0aea6aa3eeb13f4ac8b88300e3a55eb493fd05be94c1fbc8f38c914340996bc2de269fc3b7e1b992ddb8923cf5f71ef5ed9a55ee9de22b249ec9d64ddf7867953e8476af0296cf2d91f5c54ba76a37fa45d0b8b0b9920954f553d7ebeb5cb528a93b9d54abb81ef579a244ebb5803ee2b0e6f0e6d7e06476ac1d2fe2c7988b16bb6a4374f3e0eff55ff0aebacfc51a56a407d8efe1627f858ed23f038ae5952947747a10af192d194e0d0b6f3b456cd9d8797d060fd2afdaaf9880fca7dc1a92eb52d334a84cb7f750c400ce0b8cfe5d6a141b34f6a96e417b710e89a4dcea3747090465fea7b0fcf15e1934b24b3079f9926732bfd58e4ff3aeabc5fe2c3e24b95b6b5629a6c2db8e783230e84fb572178f8b8824e465ba7b577d0a6e11bb3cbc5565525646e702c8e4e0818ae4eef3f6b250f1baba694e6c783924573938d85d8fbd7535738d3d4b9e1fbd69e6951f90ad81563525659188e4633cd73de1db931ea3373c3366ba3bc6f3867b631551d8996e2695746452ae703b8addb6bb5b6902850770ae4e094dac807626b5a1b8f32e093fc23ad51274cad1df26107ef40e403c37ff005ebd5fe0d47e5e83a80ffa7aff00d94578759df7d9ee03ee23d706bde3e11cf15ce837b2c231ba71b87bed159d45a1a45ea7cc50c8165685cfcc391ee292e8aedc0183fcea0756196eaf19dcbee3b8a966225b7dea73de98932bc7feb03038e706ab4f2119f6a915cef53ef51c80189c9eb525166c67dd6db7d78a2cee025e34321ebd3354f4e972a47a1aaf7ce62bc5917d69dc0e9274f944911c48bf93545ba0bb5231e54a3b5259dcacf6c18f27a1a8ae507df5c823bd27dc13b0ad6ec8795cafa8a6f94aadc75ed4c8ae9a3e03647a1ab02fe3cfcf1827e953a31dd92c535ca2e12e2551e81c8a9016918177666ff68e6a35bb8df858f19f6ab1e6215070066ad444db64b1c67cb25b85cfe754ef5cb4c983c0352c971bb80dc55773be614dec4a351ae3163d7b71583752168e43ed5a170f88028f4ac9b87fdd303de8e82fb451d1df6df37bd754bf344335cb693cea18f6aea623838a23b04f72bdd26d8f23ae69f66e4a313d318a4bb6ca814d846d8188f615448b7370e30aa79afa07e01485fc2da8a939297401ff00be057cf31b2c9745dbeea0c9af7afd9d27371e1ad65bb0be007fdf02a27f09715a9e02dff3d073b4d469c0963e8a395fa1a6dbcbb246b694f241da7fbd481b0dcff7483f850348a11b923e8c6a47cf9727d3355ad89316ef56cd5a7c1818fb52191e9a06c7cfad43a9282d91d8d4b61c46df5a8ef5b20d016d4b9a44988cad684b82a4563692d89707a56b3b6473549e82ea50990a9e29109ee29f29258d301a432c4726ca79bacf15509f968079a77117524c1a7c4f9939aa89d0e6a68d88e7a50c96c7dccb93d78aa571f347c1a49a42cc7151bb653145f42911698e23d4d735bb3de18a6185183ef5cd40db7524c7ad7736f6167716b034b0ee91d739dc79e7d33e9594ea7b38dcebc3e125899f2c598925def75e38279c5453decb15c2ec398a45e9cf51ff00ebadf3a769e90991a15daab9243123dfbd39b4bb06118fb380d9c1cb1c73dbafd38ac7eb2bb1dffd8f553dd1c6bde5c271bf9de54f51907f9d7d35fb39c421f076a0a3fe7e8127d4ec15e16345b565958a61958b44438e40fc6bdebf67d8da2f0c6a88e30c2f0647a7c82ad5453b9c788c2d4a1673ea78ecdf09bc7124395d02e4491b6e4395e7dbad4adf0afc6cca5bfe11eb904a9e32bd71f5a28ab72672591457e1178e5218d47872eb8ebcaff8d353e13f8f7c9756f0ddd649e395ff001a28a5ccc3950fb4f849e398e23bfc397409f75ff1a8a7f847e3b7e9e1bbb3f8aff8d1455733b0ec82cfe11f8f227cb7872e87e2bfe35a4df0afc6ecbff22f5d7e6bfe34514b9989a440ff0009fc707a7876ebf35ff1a60f84be39efe1ebafcd7fc68a29f330e5407e12f8e3fe85dbafcd7fc693fe15278e777fc8bb743f15ff001a28a3998ac89d7e1378dc75f0fdcfe6bfe343fc29f1c79642f87ae89faaff008d1451ccc395150fc25f1df6f0e5dffe3bfe348df093c7654ffc537779faaff8d1452e665591547c1ff1f0b857ff00846aef83eabfe35bedf0e7e21456a120d0ee815185036e451452df72e32945de2ec469f0e7e220c31d06eb7e31d1318ce7a669b3fc3bf88fe61d9a1de300015cecea39f5f5a28a568f62fdb55fe67f7925b7c38f8871c615b44b9c0078da9d4f5fe75ed5f057c3facf87f40d462f105a496b3cd742451263e61b7af1451468889549cf4936cfffd9, NULL, 8);
INSERT INTO `Photo` (`photoNo`, `photoDate`, `description`, `image`, `abductorNo`, `MissingChildNo`) VALUES
(9, '2019-04-02', 'Unknown Child Photo', 0xffd8ffe000104a46494600010100000100010000ffdb008400090607080706090807080a0a090b0d160f0d0c0c0d1b14151016201d2222201d1f1f2428342c242631271f1f2d3d2d3135373a3a3a232b3f443f384334393a37010a0a0a0d0c0d1a0f0f1a37251f253737373737373737373737373737373737373737373737373737373737373737373737373737373737373737373737373737ffc00011080081008803011100021101031101ffc4001c0000020203010100000000000000000000000103060207080405ffc4004310000102040304050a0404040700000000010203000405110612210713314114375161c1172255717374819192a1082332d11552b1c2163342725462638293a2b2ffc4001b01010003010101010000000000000000000001020304050607ffc40035110002010202070703040203010000000000010203110431051213214151911432617172b2d122b1f01581a1c152924243e106ffda000c03010002110311003f00b3ecf306e1caa60ba54e4fd1e55f99759cce38b4dca8dcc64a09ef7e276d4af3a6e318dad68f05c978163f27d847d0125f445b67133ed7579ae8be03c9f611f40497d10d9c476babcd745f01e4fb08fa024be886ce23b5d5e6ba2f80f27d847d0125f4436711daeaf35d17c0793ec23e8092fa21b388ed7579ae8be0f1d5b09e03a3483b3d54a4d365a55a17538e26c3d43b4f70e30d9c476babcd745f0697c558db0bef56c617c234e0d8247499c6c92aef4a0116f89f8436711daeaf35d17c1477eaf32f38579586ee6f95a652903ed0d9c7f1b25632b2e5feb1f82c584b16d2a9ee96f11e1d93aa4b28ff00981010f23c143b8dbd70d9c48ed757c3fd63f06d4a054f6495b71b65b9192959870801a9b64b7af666fd3f786ce23b5d5e6ba2f82ea367f84480450246c79e486ce23b5d5e6ba2f81f93ec23e8092fa21b388ed7579ae8be03c9f611f40497d10d9c476babcd745f01e4fb08fa024be886ce23b5d5e6ba2f80f27d847d0125f4436711daeaf35d17c15cda1e0dc374cc17559d90a34ab130d33743884d8a4dc4565151debc0d29d79d4d68cad6b4b82e4fc0fbdb2aeafe8beefe262f0cba98e23bcbd31f6a2d91630080080080209d9b62464de9b9b712d30c20b8e2d5c12902e4c01ca1b45c6f3b8ceaea79c52daa7b2a22525afa213fcc7b5479fca00a9de005001003bc01bbf60b8e665d9b185ea8fa9e4a905522b59b94e5172ddf98b5c8ecb11006f3801400e00200a9ed57abead7b0f11149e5f9ccdf0fde7e997b58b655d5fd17ddfc4c4c32ea311de5e98fb516d8b180400400401ac7f10355724304a2519242a7e652d2ec6de600547ee123e3007354004004004004016fd92b9bbda2d0d5ff005ca7e6950f1803acc400e00200200a9ed57abead7b0f11149e5f9ccdf0fde7e997b58b655d5fd17ddfc4c4c32ea311de5e98fb516c8b180e00200200d25f89679425e82c5fcc52de591de02478c01a2600200200200200b26cdde4b18f284b5aac3a6b62e7bcdbc600ebe1003800800802a7b55eafab5ec3c4452797e7337c3f79fa65ed62d95757f45f77f13130cba8c47797a63ed45b22c603800800803467e2601cd87cf2b3ff00d90068f8008008008008026930f19c604b15078b89dd94f10abe96efbc01db2c05065b0e1bac24663da6d0049002800802a9b55eafab7ec3c4452797e7337c3f79fa65ed62d95757f45f77f13130cba8c47797a63ed45b22c6038008008035a6ddf0d3f5cc2a89d92415bf4d59754803553645956ef1607e0600e6780080080080080360ec570bbb5fc612f36e35791a7283ef2c8d0ac7e84faefafa81803a88400400400a00aa6d57abead7b0f11149e5f9ccdf0fde7e997b58b655d5fd17ddfc4c4c32ea311de5e98fb516c8b180e00200200c5c425c4290b48525408292342200e4edaae186b0a62f7e4a501126ea03f2e0eb952abf9b7e76208f55a00a7c00400400c401d61b24a10a0e06a734a6b7733329e92fe9a952f517f52728f8401728008008011802a7b55eafab5ec3c4452797e7337c3f79fa65ed63d95757f45f77f13130cba8c47797a63ed45b22c6010010010010069dfc45d08cc52242b8d7ea945961d1da85f03f023ff68039fa00200200fb183e9e8ab62aa4d3de00b53136da1c079a4a85c7caf007652404a4048000d001003800800800802a7b55eafab7ec3c4452797e7337c3f79fa65ed62d95757f45f77f13130cba8c47797a63ed45b22c603800800803175c434da9c716942120952946c00ed300686dafed3e955ca43f87e8a85cc216e24bb367cd479aabd91ccea06bfd600d2f001001007b28d5076935693a8cbff9b2af21e48278949bdbed0075a60dc6747c6125bfa53ff9a8037d2ce68e344f68e63bc690058e002002005005536abd5f56bd87888a4f2fce66f87ef3f4cbdac5b2aeafe8beefe26261975188ef2f4c7da8b6458c0700453130ccb365d9979b69b1c56e28240f89802955edace11a3a54135113ef5b46e486f2ff00f77e9fbc01a5f681b53aae2d6d522c37d02984eac217994eff00bd5a5c7770f5c01afc9bc00a00200200200fab86abd3f86eb0c54e98e6edf68ea392d278a5439830074a611da961bc412cc87e75aa7cfa800b96995e5f3bb12a360a17e1cfba00bca54140292410750473801c008c0153daaf57d5af61e22293cbf399be1fbcfd32f6b2b981b18c95170751a4e6a4e7d6a12c159da642926e4f0378c5d7506d34cf523a2e7898c6a46a456e8ee6ecfba88b11ed7032faa570ec8b4fbc8424b8e4e2ca12da942f9728d491cf51169578c526d3de63434456af39c2328fd2ed9fd8d7957da263ba8cdf45154624ee8cd96512102d7b7ea3757de1da21a9afc03d0f88588ecf78eb5af9eeb5ec53eaccd626de6d7539c7269c715952a75f2bd7e3c210c44269b5c09afa1b1341c232b7d4ecb79e499a3ce4b32a75d4a32278d940c2189a7396ac73189d0b8bc352756a2565e2068b50cb9b7032daf7ce9fde1daa95ed7fb92f41690d4d7d9eecf35f262cd2675f692eb2ce642b81cc3f78996229c1eac9ef33a1a1f1b88a6aa5385e2fc57c98b54b9c74ac36c9516d5954011a189957a71b5de652968ac655725085f55d9ef59f5014c9cdf16770ade04e629b8e10dbd3d5d6bee23f4bc66d5d1d9bd64af6dd909ca6cdb6b4216ca82966c91db131ad4e49b4f222a68dc5d294613a6d3965e227a9f36c20ade616840e2a2211ad093b45915f4762a8435eac1a40aa74e24151967001a93961b6a77b6b0968dc6462e52a6ede462893995a42912eea927810d920c4ba904ecda33860b1338a9469c9a7e0cfbf87315629c3e47f079f9b6da42ac582378dfab29b81fd625ce2b3656185af3beac1bb6ec9e66d0c37b7273386312d1d6142d99f92074ef285781f8435a36bdc8ecf5b59c755dd78336cd1ebf4bad4889da64e36fb1cc836293d8a07549ee3129a793292a738bb4934cf87b5375b5ecfeb410b4a8f47e0140f311593bff1f735a116a4eeb84bdac87673d19bd9ad2a6269a42d0cca296a2a4836009278c4c72ea46217d4bd31f6a3976ad3cba8d526e79770a98796e91d998ded1630b1e5055db003bafb4fce012b6405c70e8544fc6162759bcd99879e02dbc5dbfdd1165c8bed6a7f93ea087df426c9756076054438a7c098d6ab1568c9a5e6c68989841250ead249d6cab5e0e3179a26188ad0eecdabf26c04cccef3781e702f8660ad60e11b5ac4ac4d753d75377e7777ea354dcd2949529f74a926e925674f54428416e489962b1129294aa49b596f7bbe06e4e4d3ad9438fb8b41e214b244153845dd226a63313563a952a4a4b936d921a94f1414998590458dcf28aaa14ef7b1b4b4a635c5c5d5767e20cd4e75a6d2db6fa8253a01a690950a72776852d2b8da5050a751a4818a8ce319f76e9016accab5b5279c254612b5d0a1a4f1742ea9cdabbbbcb37c4c93549b6df53c974ef162ca240d441d1a6e3aad6e261a57190aaeb29fd4f37bbe0f753311cd4b4f34e4c38a7258a82661904a43addc120dbd571d84446c29a8b8a5b9933d2b8ca95635a53faa393b2e3fb1bc31960ca651f05d56a54f71e0a329a02ad14924687ed15d853a7be2bf2e6f2d2b8bc5c5d3ad2bab49e497fc5f2442f54c52ff000fa9741f3de92e8e8039971597fa127e11b432ea79d88ef2f4c7da8e793163026945a50f20ada0ea736a83ce2b34dc5d9d8df0d38c2ac5ca3acb9732cb51a3b0e4a8326d25b585037ff979c79b4713253b4ddd1f6da4b4250a98752c34546574ff006e3f26159939495a7a9c6659b0bb800eba5e2d86ab52756d2667a670184c3609d4a54d27b971e3fb9926524ff8409be8ad6f3739edadaf6f5c55d5a9b6d4d6dd72f1c0e0ff004ded3b25adab7e39dbcc8646988fe13bf43287a65c4e6487380f54695710f6daadda28e3c168887e9db68414ea495d5f2fcfec86625a5df12ad2584cb4c38ed9d40e20777745e339c75a57ba4b71cf5f0b87c46c69282a75252fa971b7c72e07ae6e45b9575addd3db7656d67142e5635e318d2ace69de769703d0c668fa786a9054f0ea54ad66f7eb2f1fcf1c8824189398aacdb219696c81990472e1c22f5675214632bef39f47e1b0788d215a96a29416f5fc65bf223996a5daae372c99468b640053af3e7c62d094e541c9cb798e2a8e1e8e958e1e34938ee56dfc78e79ae1d0f6d46972e8652fcb4ba0eece65235b2d3cff0078c68e226deac9e67a7a474461a14d57a14d7d3bdae0d71f93cc29cc4d55dc652d06d86120ab2715131aeda54e8a93776ce15a32862f494a8a86ac29a57b71b89c5c9b35854a3b28c066e901563706c0eb12954950d752772956783a5a4de16a518ea5d2bf15b978e57ccf893c12275f0d80101c565b70b5e3ae9df515cf9bc6282c4d450cb59dbcae411739ce866ebffe21d834dbee281989796e8cfebfea41001f8a729f8c52797e7337c3f79fa65ed652f1ed4cb5b29c1d4c42adbf0b7d60762341f751f944c72ea311de5e98fb51ab62c604f26da9c9968205d456341eb8acda51773a30b094eb41477bba2db3932a6e466c00a0ea54509006a6fc2df38f269d352a91e47e838cc5ce9e12b24bea4da5e37cadd7f830c4692696a005eca4de2706ed58cfff00a24de8f765c50d0857f87b26539ba35ad6d7841b5da7f72d184bf46d4b6fd4fe8f2ca3f3121212ab436a7d8713e701c507bbba359c215aa493766bf93cdc262711a3f0946718b9d392dfce2fc3c3cfa9e9aaa5b7dd91466521d53a0a48165016fded19e1db8a9bcd58eed2d1a75aa61e17b49cb7734acffbb1249ce4c2a7152934c2b3a6e43a91a2876fc62b528c3514e0ff00636c163f10f12f0b88a6eebfe4b26b9f85fee79a9e106bd3aa647e5e4b120697d2ff007bc695afd9e2a599c5a3943f57c44a92fa6dc32beebff64136d2d589d9212a23cd3a0e406b1a5369615ef397174e72d3d0693e0fa1eaa2cd9529e927c10e34a360ae69bc6589a564aa472677e85c6ca52a983abde8b76bf2ff00cfb58c241d4355c9d656ad5ccb96fdc387de26ac5ca8424b819602b428e96af464f7cad6fd965d1ff07a18690ed42783ccb6a09524a54a403fe917d6339c9c69c355f33b2850855c662156826938d9b4bfc55f7b2a53e419d7ca4009de1b048b0b5e3d5a7dc47c0e35a789a8e395de59664117394d91b3f9f276798da9c4f9a1869f48efbe53fdb149e5d3ee6f87ef3f4cbdacae6319fe952d87e552bba252968414f628ad6a3f629f944c72ebf7188ef2f4c7da8ad458c0c90e2db50536b525438149b188693dccbc2a4e9cb5a0ecfc09153732a20aa61d2410412b3ca23523c8d5e2f112777377f37c321ae726569295cc3ca49e20ac9062153827748996331338b8caa49a7e2c7d366ffe29effc861b387245bb7e297fdb2eacc513732d801130ea40d000b220e9c1e68ac31988a6ad0a8d7eecc54fbca777aa7565cfe72a37f9c4a8c52d54b719baf5655368e4f5b9df7f524e9b359327497b2dad6ce623650bdec6bdbb15ababb495bcd983730f340869e7100f1caa22f12e319668ce9622b52baa736afc9b465d2e673e7e90ee602d7ce6f688d9c2d6b17ed989d6d7da3bf3bb30dfbdbddeef57bcfe7cc6ff00389d58dad6dc67b7abb4da6b3d6e77dfd44a75c5af3ad6a52ff989d62524959159d49ce5af2777cc9173934b4142e61d524f10566c62aa9c13ba46f3c6e2671719546d3f164117394200b260e9adc335f64aac999a5388b5f890b4287ff262b3cba7dcdf0fde7e997b591b92728f6454c09d2bdda07e5a2e9fd238691cb2ab5136a36b5de7e67bd0c160aa4212aaaa5f563dd5bbbabc0f3b14f952b743c89d09cdf9652df2efd22d2ab3b2d5b7530a1a3f0ae53dac6a257dd68f0f1dc1fc3a53a5e5cb3bd1f27eadd9cd9be5c21b59ea66afe64fe9f85ed16d5a9b3b67abbefd321bf4e944b8d6e533aa4157e65db3703bb4842b4da7acd7515f47e114e1b2551abfd578f0f0dc1354e944b0a32a2754ee960b6cdbfa4215a6e5f5dade6317a3b0b1a2de1d5473e09c777d8cd54d90dd929e9d9eda02d73f94576d52fc2de66d2d1b80d46d6d6fe9e3fea632f4d9253282ff004d4bb6f38068d87da2675aa297d36b7999e1f46e0dd24eb2a8a5c6d176fb18cbd365545ce902713659c852d1d53cafa71899d69ab6adba94c368ec349cf6caa2deed68bcb85f76609a6caf4a52542737194655068deff283ad3d4beebf9931d1d85ed124d54d9db73d577bf40769b2a97da0d09c5346fbc25a371d96d211ad3d57ad6bf0de455d1d8655a0a9aa8e1bf59eabbae56dc39aa64aa5abcb74b5aee345347873e5114eb4dbfaed6f32d8ad1b858d3be1f68e5759c5e5c7819bb4b910dacb4b9c2b00e505a3a9f94446bd5d6df6b799a56d198154e4e9ba8e5c3e979ffa98b14b9353482f2a6d2e11e700c9b03f284abd4bbd5b5bcc8a1a2f06e9c5d57514b8ad479f43196a64b292be906690a0b21395926e9ede116a95a69fd16ea6585d1b87945bafae9dddad17970790374c96330e2566683400c8adc9b9ede5075a7aa9ab5fcc9a7a330cebcd4b5d415acf55ddf3e00ba64b2661a4a0cd29937ceadc9b8ece5055a7aadbb5fcc8a9a330eabc230d77077bbd4775cb813a24d9942a5caae61454dad2bced1032e53dddb6888d59c9da56e1c7c4d2b6030d420e741c9bb4af78b4ada92e2d2e36233c07aa357de67934bb8bf611e115e268022c00400738003002800800800800801f28014004004004019f2312b333abdc7e47ffd9, NULL, 9),
(10, '2019-05-01', 'Unknown Child Photo', 0xffd8ffe000104a46494600010100000100010000ffdb008400090607080706090807080a0a090b0d160f0d0c0c0d1b14151016201d2222201d1f1f2428342c242631271f1f2d3d2d3135373a3a3a232b3f443f384334393a37010a0a0a0d0c0d1a0f0f1a37251f253737373737373737373737373737373737373737373737373737373737373737373737373737373737373737373737373737ffc00011080081008803011100021101031101ffc4001c0000020203010100000000000000000000000103060207080405ffc4004310000102040304050a0404040700000000010203000405110612210713314114375161c1172255717374819192a1082332d11552b1c2163342725462638293a2b2ffc4001b01010003010101010000000000000000000001020304050607ffc40035110002010202070703040203010000000000010203110431051213214151911432617172b2d122b1f01581a1c152924243e106ffda000c03010002110311003f00b3ecf306e1caa60ba54e4fd1e55f99759cce38b4dca8dcc64a09ef7e276d4af3a6e318dad68f05c978163f27d847d0125f445b67133ed7579ae8be03c9f611f40497d10d9c476babcd745f01e4fb08fa024be886ce23b5d5e6ba2f80f27d847d0125f4436711daeaf35d17c0793ec23e8092fa21b388ed7579ae8be0f1d5b09e03a3483b3d54a4d365a55a17538e26c3d43b4f70e30d9c476babcd745f0697c558db0bef56c617c234e0d8247499c6c92aef4a0116f89f8436711daeaf35d17c1477eaf32f38579586ee6f95a652903ed0d9c7f1b25632b2e5feb1f82c584b16d2a9ee96f11e1d93aa4b28ff00981010f23c143b8dbd70d9c48ed757c3fd63f06d4a054f6495b71b65b9192959870801a9b64b7af666fd3f786ce23b5d5e6ba2f82ea367f84480450246c79e486ce23b5d5e6ba2f81f93ec23e8092fa21b388ed7579ae8be03c9f611f40497d10d9c476babcd745f01e4fb08fa024be886ce23b5d5e6ba2f80f27d847d0125f4436711daeaf35d17c15cda1e0dc374cc17559d90a34ab130d33743884d8a4dc4565151debc0d29d79d4d68cad6b4b82e4fc0fbdb2aeafe8beefe262f0cba98e23bcbd31f6a2d91630080080080209d9b62464de9b9b712d30c20b8e2d5c12902e4c01ca1b45c6f3b8ceaea79c52daa7b2a22525afa213fcc7b5479fca00a9de005001003bc01bbf60b8e665d9b185ea8fa9e4a905522b59b94e5172ddf98b5c8ecb11006f3801400e00200a9ed57abead7b0f11149e5f9ccdf0fde7e997b58b655d5fd17ddfc4c4c32ea311de5e98fb516d8b180400400401ac7f10355724304a2519242a7e652d2ec6de600547ee123e3007354004004004004016fd92b9bbda2d0d5ff005ca7e6950f1803acc400e00200200a9ed57abead7b0f11149e5f9ccdf0fde7e997b58b655d5fd17ddfc4c4c32ea311de5e98fb516c8b180e00200200d25f89679425e82c5fcc52de591de02478c01a2600200200200200b26cdde4b18f284b5aac3a6b62e7bcdbc600ebe1003800800802a7b55eafab5ec3c4452797e7337c3f79fa65ed62d95757f45f77f13130cba8c47797a63ed45b22c603800800803467e2601cd87cf2b3ff00d90068f8008008008008026930f19c604b15078b89dd94f10abe96efbc01db2c05065b0e1bac24663da6d0049002800802a9b55eafab7ec3c4452797e7337c3f79fa65ed62d95757f45f77f13130cba8c47797a63ed45b22c6038008008035a6ddf0d3f5cc2a89d92415bf4d59754803553645956ef1607e0600e6780080080080080360ec570bbb5fc612f36e35791a7283ef2c8d0ac7e84faefafa81803a88400400400a00aa6d57abead7b0f11149e5f9ccdf0fde7e997b58b655d5fd17ddfc4c4c32ea311de5e98fb516c8b180e00200200c5c425c4290b48525408292342200e4edaae186b0a62f7e4a501126ea03f2e0eb952abf9b7e76208f55a00a7c00400400c401d61b24a10a0e06a734a6b7733329e92fe9a952f517f52728f8401728008008011802a7b55eafab5ec3c4452797e7337c3f79fa65ed63d95757f45f77f13130cba8c47797a63ed45b22c6010010010010069dfc45d08cc52242b8d7ea945961d1da85f03f023ff68039fa00200200fb183e9e8ab62aa4d3de00b53136da1c079a4a85c7caf007652404a4048000d001003800800800802a7b55eafab7ec3c4452797e7337c3f79fa65ed62d95757f45f77f13130cba8c47797a63ed45b22c603800800803175c434da9c716942120952946c00ed300686dafed3e955ca43f87e8a85cc216e24bb367cd479aabd91ccea06bfd600d2f001001007b28d5076935693a8cbff9b2af21e48278949bdbed0075a60dc6747c6125bfa53ff9a8037d2ce68e344f68e63bc690058e002002005005536abd5f56bd87888a4f2fce66f87ef3f4cbdac5b2aeafe8beefe26261975188ef2f4c7da8b6458c0700453130ccb365d9979b69b1c56e28240f89802955edace11a3a54135113ef5b46e486f2ff00f77e9fbc01a5f681b53aae2d6d522c37d02984eac217994eff00bd5a5c7770f5c01afc9bc00a00200200200fab86abd3f86eb0c54e98e6edf68ea392d278a5439830074a611da961bc412cc87e75aa7cfa800b96995e5f3bb12a360a17e1cfba00bca54140292410750473801c008c0153daaf57d5af61e22293cbf399be1fbcfd32f6b2b981b18c95170751a4e6a4e7d6a12c159da642926e4f0378c5d7506d34cf523a2e7898c6a46a456e8ee6ecfba88b11ed7032faa570ec8b4fbc8424b8e4e2ca12da942f9728d491cf51169578c526d3de63434456af39c2328fd2ed9fd8d7957da263ba8cdf45154624ee8cd96512102d7b7ea3757de1da21a9afc03d0f88588ecf78eb5af9eeb5ec53eaccd626de6d7539c7269c715952a75f2bd7e3c210c44269b5c09afa1b1341c232b7d4ecb79e499a3ce4b32a75d4a32278d940c2189a7396ac73189d0b8bc352756a2565e2068b50cb9b7032daf7ce9fde1daa95ed7fb92f41690d4d7d9eecf35f262cd2675f692eb2ce642b81cc3f78996229c1eac9ef33a1a1f1b88a6aa5385e2fc57c98b54b9c74ac36c9516d5954011a189957a71b5de652968ac655725085f55d9ef59f5014c9cdf16770ade04e629b8e10dbd3d5d6bee23f4bc66d5d1d9bd64af6dd909ca6cdb6b4216ca82966c91db131ad4e49b4f222a68dc5d294613a6d3965e227a9f36c20ade616840e2a2211ad093b45915f4762a8435eac1a40aa74e24151967001a93961b6a77b6b0968dc6462e52a6ede462893995a42912eea927810d920c4ba904ecda33860b1338a9469c9a7e0cfbf87315629c3e47f079f9b6da42ac582378dfab29b81fd625ce2b3656185af3beac1bb6ec9e66d0c37b7273386312d1d6142d99f92074ef285781f8435a36bdc8ecf5b59c755dd78336cd1ebf4bad4889da64e36fb1cc836293d8a07549ee3129a793292a738bb4934cf87b5375b5ecfeb410b4a8f47e0140f311593bff1f735a116a4eeb84bdac87673d19bd9ad2a6269a42d0cca296a2a4836009278c4c72ea46217d4bd31f6a3976ad3cba8d526e79770a98796e91d998ded1630b1e5055db003bafb4fce012b6405c70e8544fc6162759bcd99879e02dbc5dbfdd1165c8bed6a7f93ea087df426c9756076054438a7c098d6ab1568c9a5e6c68989841250ead249d6cab5e0e3179a26188ad0eecdabf26c04cccef3781e702f8660ad60e11b5ac4ac4d753d75377e7777ea354dcd2949529f74a926e925674f54428416e489962b1129294aa49b596f7bbe06e4e4d3ad9438fb8b41e214b244153845dd226a63313563a952a4a4b936d921a94f1414998590458dcf28aaa14ef7b1b4b4a635c5c5d5767e20cd4e75a6d2db6fa8253a01a690950a72776852d2b8da5050a751a4818a8ce319f76e9016accab5b5279c254612b5d0a1a4f1742ea9cdabbbbcb37c4c93549b6df53c974ef162ca240d441d1a6e3aad6e261a57190aaeb29fd4f37bbe0f753311cd4b4f34e4c38a7258a82661904a43addc120dbd571d84446c29a8b8a5b9933d2b8ca95635a53faa393b2e3fb1bc31960ca651f05d56a54f71e0a329a02ad14924687ed15d853a7be2bf2e6f2d2b8bc5c5d3ad2bab49e497fc5f2442f54c52ff000fa9741f3de92e8e8039971597fa127e11b432ea79d88ef2f4c7da8e793163026945a50f20ada0ea736a83ce2b34dc5d9d8df0d38c2ac5ca3acb9732cb51a3b0e4a8326d25b585037ff979c79b4713253b4ddd1f6da4b4250a98752c34546574ff006e3f26159939495a7a9c6659b0bb800eba5e2d86ab52756d2667a670184c3609d4a54d27b971e3fb9926524ff8409be8ad6f3739edadaf6f5c55d5a9b6d4d6dd72f1c0e0ff004ded3b25adab7e39dbcc8646988fe13bf43287a65c4e6487380f54695710f6daadda28e3c168887e9db68414ea495d5f2fcfec86625a5df12ad2584cb4c38ed9d40e20777745e339c75a57ba4b71cf5f0b87c46c69282a75252fa971b7c72e07ae6e45b9575addd3db7656d67142e5635e318d2ace69de769703d0c668fa786a9054f0ea54ad66f7eb2f1fcf1c8824189398aacdb219696c81990472e1c22f5675214632bef39f47e1b0788d215a96a29416f5fc65bf223996a5daae372c99468b640053af3e7c62d094e541c9cb798e2a8e1e8e958e1e34938ee56dfc78e79ae1d0f6d46972e8652fcb4ba0eece65235b2d3cff0078c68e226deac9e67a7a474461a14d57a14d7d3bdae0d71f93cc29cc4d55dc652d06d86120ab2715131aeda54e8a93776ce15a32862f494a8a86ac29a57b71b89c5c9b35854a3b28c066e901563706c0eb12954950d752772956783a5a4de16a518ea5d2bf15b978e57ccf893c12275f0d80101c565b70b5e3ae9df515cf9bc6282c4d450cb59dbcae411739ce866ebffe21d834dbee281989796e8cfebfea41001f8a729f8c52797e7337c3f79fa65ed652f1ed4cb5b29c1d4c42adbf0b7d60762341f751f944c72ea311de5e98fb51ab62c604f26da9c9968205d456341eb8acda51773a30b094eb41477bba2db3932a6e466c00a0ea54509006a6fc2df38f269d352a91e47e838cc5ce9e12b24bea4da5e37cadd7f830c4692696a005eca4de2706ed58cfff00a24de8f765c50d0857f87b26539ba35ad6d7841b5da7f72d184bf46d4b6fd4fe8f2ca3f3121212ab436a7d8713e701c507bbba359c215aa493766bf93cdc262711a3f0946718b9d392dfce2fc3c3cfa9e9aaa5b7dd91466521d53a0a48165016fded19e1db8a9bcd58eed2d1a75aa61e17b49cb7734acffbb1249ce4c2a7152934c2b3a6e43a91a2876fc62b528c3514e0ff00636c163f10f12f0b88a6eebfe4b26b9f85fee79a9e106bd3aa647e5e4b120697d2ff007bc695afd9e2a599c5a3943f57c44a92fa6dc32beebff64136d2d589d9212a23cd3a0e406b1a5369615ef397174e72d3d0693e0fa1eaa2cd9529e927c10e34a360ae69bc6589a564aa472677e85c6ca52a983abde8b76bf2ff00cfb58c241d4355c9d656ad5ccb96fdc387de26ac5ca8424b819602b428e96af464f7cad6fd965d1ff07a18690ed42783ccb6a09524a54a403fe917d6339c9c69c355f33b2850855c662156826938d9b4bfc55f7b2a53e419d7ca4009de1b048b0b5e3d5a7dc47c0e35a789a8e395de59664117394d91b3f9f276798da9c4f9a1869f48efbe53fdb149e5d3ee6f87ef3f4cbdacae6319fe952d87e552bba252968414f628ad6a3f629f944c72ebf7188ef2f4c7da8ad458c0c90e2db50536b525438149b188693dccbc2a4e9cb5a0ecfc09153732a20aa61d2410412b3ca23523c8d5e2f112777377f37c321ae726569295cc3ca49e20ac9062153827748996331338b8caa49a7e2c7d366ffe29effc861b387245bb7e297fdb2eacc513732d801130ea40d000b220e9c1e68ac31988a6ad0a8d7eecc54fbca777aa7565cfe72a37f9c4a8c52d54b719baf5655368e4f5b9df7f524e9b359327497b2dad6ce623650bdec6bdbb15ababb495bcd983730f340869e7100f1caa22f12e319668ce9622b52baa736afc9b465d2e673e7e90ee602d7ce6f688d9c2d6b17ed989d6d7da3bf3bb30dfbdbddeef57bcfe7cc6ff00389d58dad6dc67b7abb4da6b3d6e77dfd44a75c5af3ad6a52ff989d62524959159d49ce5af2777cc9173934b4142e61d524f10566c62aa9c13ba46f3c6e2671719546d3f164117394200b260e9adc335f64aac999a5388b5f890b4287ff262b3cba7dcdf0fde7e997b591b92728f6454c09d2bdda07e5a2e9fd238691cb2ab5136a36b5de7e67bd0c160aa4212aaaa5f563dd5bbbabc0f3b14f952b743c89d09cdf9652df2efd22d2ab3b2d5b7530a1a3f0ae53dac6a257dd68f0f1dc1fc3a53a5e5cb3bd1f27eadd9cd9be5c21b59ea66afe64fe9f85ed16d5a9b3b67abbefd321bf4e944b8d6e533aa4157e65db3703bb4842b4da7acd7515f47e114e1b2551abfd578f0f0dc1354e944b0a32a2754ee960b6cdbfa4215a6e5f5dade6317a3b0b1a2de1d5473e09c777d8cd54d90dd929e9d9eda02d73f94576d52fc2de66d2d1b80d46d6d6fe9e3fea632f4d9253282ff004d4bb6f38068d87da2675aa297d36b7999e1f46e0dd24eb2a8a5c6d176fb18cbd365545ce902713659c852d1d53cafa71899d69ab6adba94c368ec349cf6caa2deed68bcb85f76609a6caf4a52542737194655068deff283ad3d4beebf9931d1d85ed124d54d9db73d577bf40769b2a97da0d09c5346fbc25a371d96d211ad3d57ad6bf0de455d1d8655a0a9aa8e1bf59eabbae56dc39aa64aa5abcb74b5aee345347873e5114eb4dbfaed6f32d8ad1b858d3be1f68e5759c5e5c7819bb4b910dacb4b9c2b00e505a3a9f94446bd5d6df6b799a56d198154e4e9ba8e5c3e979ffa98b14b9353482f2a6d2e11e700c9b03f284abd4bbd5b5bcc8a1a2f06e9c5d57514b8ad479f43196a64b292be906690a0b21395926e9ede116a95a69fd16ea6585d1b87945bafae9dddad17970790374c96330e2566683400c8adc9b9ede5075a7aa9ab5fcc9a7a330cebcd4b5d415acf55ddf3e00ba64b2661a4a0cd29937ceadc9b8ece5055a7aadbb5fcc8a9a330eabc230d77077bbd4775cb813a24d9942a5caae61454dad2bced1032e53dddb6888d59c9da56e1c7c4d2b6030d420e741c9bb4af78b4ada92e2d2e36233c07aa357de67934bb8bf611e115e268022c00400738003002800800800800801f28014004004004019f2312b333abdc7e47ffd9, NULL, 10);

-- --------------------------------------------------------

--
-- Table structure for table `Race`
--

CREATE TABLE `Race` (
  `raceCode` varchar(30) NOT NULL
) ENGINE=MyISAM DEFAULT CHARSET=latin1;

--
-- Dumping data for table `Race`
--

INSERT INTO `Race` (`raceCode`) VALUES
('Asian or Pacific Islander'),
('Black'),
('Hispanic'),
('Native American'),
('Non-Hispanic'),
('White');

-- --------------------------------------------------------

--
-- Table structure for table `Relationship`
--

CREATE TABLE `Relationship` (
  `relationshipCode` varchar(50) NOT NULL
) ENGINE=MyISAM DEFAULT CHARSET=latin1;

--
-- Dumping data for table `Relationship`
--

INSERT INTO `Relationship` (`relationshipCode`) VALUES
('Brother'),
('Father'),
('Mother'),
('Sister');

-- --------------------------------------------------------

--
-- Table structure for table `ReleaseReport`
--

CREATE TABLE `ReleaseReport` (
  `releaseID` int(11) NOT NULL,
  `approvalTypeCode` char(1) NOT NULL,
  `familyMemberNo` int(11) NOT NULL,
  `releaseDate` date NOT NULL,
  `ReleaseTypeCode` varchar(50) NOT NULL
) ENGINE=MyISAM DEFAULT CHARSET=latin1;

--
-- Dumping data for table `ReleaseReport`
--

INSERT INTO `ReleaseReport` (`releaseID`, `approvalTypeCode`, `familyMemberNo`, `releaseDate`, `ReleaseTypeCode`) VALUES
(1, 'Y', 1, '2019-12-12', 'Amber Alert'),
(2, 'Y', 2, '2019-01-21', 'Medical'),
(3, 'N', 3, '2018-04-23', 'Photo'),
(4, 'Y', 4, '2017-11-21', 'National Database'),
(5, 'Y', 1, '2013-02-01', 'Amber Alert'),
(6, 'Y', 2, '2019-07-15', 'Medical'),
(7, 'Y', 3, '2018-03-23', 'National Database'),
(8, 'Y', 4, '2015-05-26', 'Medical'),
(9, 'N', 3, '2019-02-21', 'Amber Alert'),
(10, 'N', 1, '2012-06-12', 'Photo');

-- --------------------------------------------------------

--
-- Table structure for table `ReleaseType`
--

CREATE TABLE `ReleaseType` (
  `releaseTypeCode` varchar(50) NOT NULL
) ENGINE=MyISAM DEFAULT CHARSET=latin1;

--
-- Dumping data for table `ReleaseType`
--

INSERT INTO `ReleaseType` (`releaseTypeCode`) VALUES
('Amber Alert'),
('Medical'),
('National Database'),
('Photo');

-- --------------------------------------------------------

--
-- Table structure for table `Resources`
--

CREATE TABLE `Resources` (
  `ResourceNo` int(11) NOT NULL,
  `ResourceCode` varchar(50) NOT NULL,
  `OrganizationNo` int(11) NOT NULL
) ENGINE=MyISAM DEFAULT CHARSET=latin1;

--
-- Dumping data for table `Resources`
--

INSERT INTO `Resources` (`ResourceNo`, `ResourceCode`, `OrganizationNo`) VALUES
(1, 'Non-profit orginzation', 1),
(2, 'Non-profit orginzation', 2),
(3, 'Non-profit orginzation', 3),
(4, 'Profit orginzation', 4),
(5, 'Profit orginzation', 5),
(6, 'Non-profit orginzation', 6),
(7, 'Non-profit orginzation', 7),
(8, 'Non-profit orginzation', 8),
(9, 'Non-profit orginzation', 9),
(10, 'Non-profit orginzation', 10);

-- --------------------------------------------------------

--
-- Table structure for table `ResourceType`
--

CREATE TABLE `ResourceType` (
  `resourceCode` varchar(50) NOT NULL
) ENGINE=MyISAM DEFAULT CHARSET=latin1;

--
-- Dumping data for table `ResourceType`
--

INSERT INTO `ResourceType` (`resourceCode`) VALUES
('Non-Profit Orginzation'),
('Profit Orginzation');

-- --------------------------------------------------------

--
-- Table structure for table `Sighting`
--

CREATE TABLE `Sighting` (
  `sightingID` int(11) NOT NULL,
  `location` varchar(255) DEFAULT NULL,
  `DateAndTime` datetime DEFAULT NULL,
  `details` varchar(255) NOT NULL,
  `missingChildNo` int(11) NOT NULL,
  `reportNo` int(11) NOT NULL
) ENGINE=MyISAM DEFAULT CHARSET=latin1;

--
-- Dumping data for table `Sighting`
--

INSERT INTO `Sighting` (`sightingID`, `location`, `DateAndTime`, `details`, `missingChildNo`, `reportNo`) VALUES
(1, 'in a cave', '2019-05-17 10:09:00', 'Saw them taken into a cave outside of the village', 1, 1),
(2, 'Village Gates', '2019-04-16 06:07:00', 'Saw them being taken away from the village into the forest', 1, 1),
(3, 'Space Needle', '2018-08-15 15:15:00', 'I saw a the car they were reported leaving with I think', 2, 2),
(4, '10th street', '2019-01-13 08:14:00', 'Saw them walking', 3, 3),
(5, 'South on I 5', '2018-10-09 18:00:22', 'saw them in a car', 4, 4),
(6, 'Gasworks Park', '2019-02-01 19:00:00', 'Saw them at the park', 5, 5),
(7, 'Denny st', '2019-05-01 17:00:00', 'I think I saw them', 6, 6),
(8, 'Mt Rainier', '2019-04-04 06:56:00', 'I saw them on the trail', 7, 7),
(9, 'I 405', '2019-03-20 14:32:00', 'I saw them in a car', 8, 8),
(10, 'SeaTac Airport', '2019-03-04 12:19:00', 'I saw them at baggage claim', 9, 9);

-- --------------------------------------------------------

--
-- Table structure for table `State`
--

CREATE TABLE `State` (
  `stateCode` char(2) NOT NULL
) ENGINE=MyISAM DEFAULT CHARSET=latin1;

--
-- Dumping data for table `State`
--

INSERT INTO `State` (`stateCode`) VALUES
('CA'),
('NY'),
('WA');

-- --------------------------------------------------------

--
-- Table structure for table `Tip`
--

CREATE TABLE `Tip` (
  `TipID` int(11) NOT NULL,
  `TipTime` time DEFAULT NULL,
  `Details` varchar(255) DEFAULT NULL,
  `Date` date NOT NULL,
  `firstName` varchar(20) NOT NULL,
  `lastName` varchar(20) NOT NULL,
  `contactInfoID` varchar(16) NOT NULL,
  `DeptNo` int(8) DEFAULT NULL,
  `SightingID` int(8) DEFAULT NULL
) ENGINE=MyISAM DEFAULT CHARSET=latin1;

--
-- Dumping data for table `Tip`
--

INSERT INTO `Tip` (`TipID`, `TipTime`, `Details`, `Date`, `firstName`, `lastName`, `contactInfoID`, `DeptNo`, `SightingID`) VALUES
(1, '12:00:00', 'Saw an older man drag a boy by his arm', '2019-05-01', 'Roger', 'Dodger', '1', 12312312, 12345678),
(2, '11:00:00', NULL, '2019-05-25', 'Daisy', 'Delori', '4255671234', 1234, 4567),
(3, '11:00:00', NULL, '2019-05-25', 'Daisy', 'Delori', '4255671234', 1234, 4567),
(4, '11:59:00', 'Heard screaming at around midnight', '2017-12-25', 'Santa', 'Claus', '4255671234', 1234, 4567),
(6, '01:45:00', 'Heard the words \"stranger danger\" at a park in the afternoon', '2017-06-12', 'Averylarge', 'Pizza', '11111111', 2222, 3333),
(7, '11:59:00', 'My son never returned', '2017-12-25', 'Worried', 'Dad', '06789456', 2222, 1111),
(8, '01:30:00', 'Saw a cat jump 10 feet in the air', '1986-04-18', 'Billy', 'Jones', '32131212', 9876, 4444),
(9, '06:15:00', 'My son wont stop playing video games', '2017-04-04', 'Martha', 'Steiger', '77777777', 6666, 5555),
(10, '07:20:00', 'my daughter was  verbally harassed at school', '2017-01-14', 'Chiaki', 'Nanami', '3142011', 3141, 11037);

-- --------------------------------------------------------

--
-- Table structure for table `Vehicle`
--

CREATE TABLE `Vehicle` (
  `vehicleNo` int(11) NOT NULL,
  `VehicleDriveID` varchar(16) DEFAULT NULL,
  `ModelYear` int(11) NOT NULL,
  `VIN` varchar(17) NOT NULL,
  `color` varchar(10) NOT NULL,
  `damage` varchar(255) DEFAULT NULL,
  `MakeCode` varchar(8) DEFAULT NULL,
  `ModelCode` varchar(8) DEFAULT NULL
) ENGINE=MyISAM DEFAULT CHARSET=latin1;

--
-- Dumping data for table `Vehicle`
--

INSERT INTO `Vehicle` (`vehicleNo`, `VehicleDriveID`, `ModelYear`, `VIN`, `color`, `damage`, `MakeCode`, `ModelCode`) VALUES
(1, '4', 2010, 'ABCDEFG1023432JPC', 'Black', 'Front bumper scratched', 'Subaru', 'Impreza'),
(2, '3', 2015, 'ABCDEF00003432JPC', 'Green', 'Back bumper dented', 'Honda', 'Civic'),
(3, '12', 2015, '0987654321ABCFGEF', 'Silver', NULL, 'Subaru', 'Outback'),
(4, '5', 2018, '0987PFDLE1ABCFGEF', 'Blue', NULL, 'Subaru', 'Forester'),
(6, '6', 2005, '098765432154366EF', 'Black', NULL, 'Subaru', 'Outback'),
(7, '7', 2013, '0987JCLP21ABCFGEF', 'Silver', NULL, 'Honda', 'CR-V'),
(8, '8', 1999, 'NMDEKLFCS21ABCGEF', 'Green', NULL, 'Subaru', 'Impreza'),
(9, '11', 2018, '0987PFDLE1ABCFGEF', 'Blue', NULL, 'Subaru', 'Forester'),
(10, '9', 2017, '0987654355555FGEF', 'Red', NULL, 'Honda', 'Accord'),
(11, '9', 2017, '0987654355555FGEF', 'Red', NULL, 'Honda', 'Accord'),
(12, '10', 2019, 'HGTY654321ABCFGEF', 'White', NULL, 'Subaru', 'Forester');

-- --------------------------------------------------------

--
-- Table structure for table `VehicleDriver`
--

CREATE TABLE `VehicleDriver` (
  `VehicleDriverID` int(11) NOT NULL,
  `OperatorCode` varchar(20) NOT NULL,
  `LicenseNo` varchar(4) NOT NULL
) ENGINE=MyISAM DEFAULT CHARSET=latin1;

--
-- Dumping data for table `VehicleDriver`
--

INSERT INTO `VehicleDriver` (`VehicleDriverID`, `OperatorCode`, `LicenseNo`) VALUES
(4, 'Driver', 'BAB1'),
(3, 'Driver', 'JCP0'),
(5, 'Driver', 'JTS2'),
(6, 'Passenger', 'PHC4'),
(7, 'Driver', 'MAM5'),
(8, 'Driver', 'TOD6'),
(9, 'Driver', 'AQS7'),
(10, 'Passenger', 'JUB8'),
(11, 'Passenger', 'PAS9'),
(12, 'Driver', 'SAL3');

-- --------------------------------------------------------

--
-- Table structure for table `VehicleSighting`
--

CREATE TABLE `VehicleSighting` (
  `VehicleNo` int(11) NOT NULL,
  `SightingID` int(11) NOT NULL
) ENGINE=MyISAM DEFAULT CHARSET=latin1;

--
-- Dumping data for table `VehicleSighting`
--

INSERT INTO `VehicleSighting` (`VehicleNo`, `SightingID`) VALUES
(1, 1),
(2, 2),
(3, 3),
(4, 4),
(5, 5),
(6, 6),
(7, 7),
(8, 8),
(9, 9),
(10, 10);

--
-- Indexes for dumped tables
--

--
-- Indexes for table `Abductor`
--
ALTER TABLE `Abductor`
  ADD PRIMARY KEY (`abductorNo`),
  ADD KEY `RaceCode` (`RaceCode`),
  ADD KEY `EyeColorCode` (`EyeColorCode`),
  ADD KEY `HairColorCode` (`HairColorCode`),
  ADD KEY `GenderCode` (`GenderCode`),
  ADD KEY `PhotoNo` (`PhotoNo`);

--
-- Indexes for table `AbductorSighting`
--
ALTER TABLE `AbductorSighting`
  ADD PRIMARY KEY (`abductorNo`,`sightingID`),
  ADD KEY `Sighting_AbductorSighting_FK2` (`sightingID`);

--
-- Indexes for table `Address`
--
ALTER TABLE `Address`
  ADD PRIMARY KEY (`AddressID`),
  ADD KEY `StateCode` (`StateCode`);

--
-- Indexes for table `Authorize`
--
ALTER TABLE `Authorize`
  ADD PRIMARY KEY (`authCode`);

--
-- Indexes for table `ClinicRecord`
--
ALTER TABLE `ClinicRecord`
  ADD PRIMARY KEY (`ClinicRecordID`),
  ADD KEY `ClinicRecord_FK1` (`MedicationID`),
  ADD KEY `AddressID` (`AddressID`);

--
-- Indexes for table `ContactInfo`
--
ALTER TABLE `ContactInfo`
  ADD PRIMARY KEY (`ContactInfoNo`),
  ADD KEY `AddressID` (`AddressID`);

--
-- Indexes for table `DriverLicense`
--
ALTER TABLE `DriverLicense`
  ADD PRIMARY KEY (`licenseNO`);

--
-- Indexes for table `EyeColor`
--
ALTER TABLE `EyeColor`
  ADD PRIMARY KEY (`eyeColorCode`);

--
-- Indexes for table `Family`
--
ALTER TABLE `Family`
  ADD PRIMARY KEY (`familyNo`);

--
-- Indexes for table `FamilyMember`
--
ALTER TABLE `FamilyMember`
  ADD PRIMARY KEY (`familyNo`,`familyMemberNo`),
  ADD KEY `contactInfoNo` (`contactInfoNo`),
  ADD KEY `relationshipCode` (`relationshipCode`);

--
-- Indexes for table `Gender`
--
ALTER TABLE `Gender`
  ADD PRIMARY KEY (`genderCode`);

--
-- Indexes for table `HairColor`
--
ALTER TABLE `HairColor`
  ADD PRIMARY KEY (`hairColorCode`);

--
-- Indexes for table `HealthClinic`
--
ALTER TABLE `HealthClinic`
  ADD PRIMARY KEY (`healthClinicID`),
  ADD KEY `clinicRecordID` (`clinicRecordID`),
  ADD KEY `address` (`AddressID`);

--
-- Indexes for table `InvestigatingOfficer`
--
ALTER TABLE `InvestigatingOfficer`
  ADD PRIMARY KEY (`officerNo`),
  ADD KEY `Address` (`Address`);

--
-- Indexes for table `LawEnforcementDepartment`
--
ALTER TABLE `LawEnforcementDepartment`
  ADD PRIMARY KEY (`deptNo`),
  ADD KEY `Address` (`Address`),
  ADD KEY `InvestigatingOfficerNo` (`InvestigatingOfficerNo`);

--
-- Indexes for table `Make`
--
ALTER TABLE `Make`
  ADD PRIMARY KEY (`MakeCode`);

--
-- Indexes for table `Medication`
--
ALTER TABLE `Medication`
  ADD PRIMARY KEY (`MedicationID`);

--
-- Indexes for table `MedicationRelease`
--
ALTER TABLE `MedicationRelease`
  ADD PRIMARY KEY (`medicationReleaseNo`),
  ADD KEY `DeptNo` (`DeptNo`),
  ADD KEY `HealthClinicID` (`HealthClinicID`),
  ADD KEY `AuthCode` (`AuthCode`);

--
-- Indexes for table `MissingChild`
--
ALTER TABLE `MissingChild`
  ADD PRIMARY KEY (`missingChildNo`),
  ADD KEY `genderCode` (`genderCode`),
  ADD KEY `raceCode` (`raceCode`),
  ADD KEY `eyeColorCode` (`eyeColorCode`),
  ADD KEY `hairColorCode` (`hairColorCode`),
  ADD KEY `photoNo` (`photoNo`);

--
-- Indexes for table `MissingChildReport`
--
ALTER TABLE `MissingChildReport`
  ADD PRIMARY KEY (`missingChildNo`,`ReportNo`),
  ADD KEY `ContactInfoID` (`ContactInfoID`),
  ADD KEY `ReleaseID` (`ReleaseID`);

--
-- Indexes for table `Model`
--
ALTER TABLE `Model`
  ADD PRIMARY KEY (`ModelCode`);

--
-- Indexes for table `Operator`
--
ALTER TABLE `Operator`
  ADD PRIMARY KEY (`OperatorCode`);

--
-- Indexes for table `Organization`
--
ALTER TABLE `Organization`
  ADD PRIMARY KEY (`OrginzationNo`),
  ADD KEY `AddressID` (`AddressID`);

--
-- Indexes for table `Photo`
--
ALTER TABLE `Photo`
  ADD PRIMARY KEY (`photoNo`),
  ADD KEY `photo_fk1` (`abductorNo`),
  ADD KEY `photo_fk2` (`MissingChildNo`);

--
-- Indexes for table `Race`
--
ALTER TABLE `Race`
  ADD PRIMARY KEY (`raceCode`);

--
-- Indexes for table `Relationship`
--
ALTER TABLE `Relationship`
  ADD PRIMARY KEY (`relationshipCode`);

--
-- Indexes for table `ReleaseReport`
--
ALTER TABLE `ReleaseReport`
  ADD PRIMARY KEY (`releaseID`),
  ADD KEY `familyMemberNo` (`familyMemberNo`),
  ADD KEY `approvalTypeCode` (`approvalTypeCode`),
  ADD KEY `ReleaseTypeCode` (`ReleaseTypeCode`);

--
-- Indexes for table `ReleaseType`
--
ALTER TABLE `ReleaseType`
  ADD PRIMARY KEY (`releaseTypeCode`);

--
-- Indexes for table `Resources`
--
ALTER TABLE `Resources`
  ADD PRIMARY KEY (`ResourceNo`),
  ADD KEY `ResouceCode` (`ResourceCode`),
  ADD KEY `OrganizationNo` (`OrganizationNo`);

--
-- Indexes for table `ResourceType`
--
ALTER TABLE `ResourceType`
  ADD PRIMARY KEY (`resourceCode`);

--
-- Indexes for table `Sighting`
--
ALTER TABLE `Sighting`
  ADD PRIMARY KEY (`sightingID`),
  ADD KEY `missingChildNo` (`missingChildNo`),
  ADD KEY `reportNo` (`reportNo`);

--
-- Indexes for table `State`
--
ALTER TABLE `State`
  ADD PRIMARY KEY (`stateCode`);

--
-- Indexes for table `Tip`
--
ALTER TABLE `Tip`
  ADD PRIMARY KEY (`TipID`),
  ADD KEY `contactInfoID` (`contactInfoID`),
  ADD KEY `DeptNo` (`DeptNo`),
  ADD KEY `SightingID` (`SightingID`);

--
-- Indexes for table `Vehicle`
--
ALTER TABLE `Vehicle`
  ADD PRIMARY KEY (`vehicleNo`),
  ADD KEY `VehicleDriveID_Vehicle_FK1` (`VehicleDriveID`),
  ADD KEY `Model_Vehicle_FK2` (`ModelCode`),
  ADD KEY `Make_Vehicle_FK3` (`MakeCode`);

--
-- Indexes for table `VehicleDriver`
--
ALTER TABLE `VehicleDriver`
  ADD PRIMARY KEY (`VehicleDriverID`),
  ADD KEY `Operator_VehicleDriver_FK1` (`OperatorCode`),
  ADD KEY `DriverLicense_VehicleDriver_FK2` (`LicenseNo`);

--
-- Indexes for table `VehicleSighting`
--
ALTER TABLE `VehicleSighting`
  ADD PRIMARY KEY (`VehicleNo`,`SightingID`),
  ADD KEY `Sighting_VehicleSighting_FK2` (`SightingID`);

--
-- AUTO_INCREMENT for dumped tables
--

--
-- AUTO_INCREMENT for table `Abductor`
--
ALTER TABLE `Abductor`
  MODIFY `abductorNo` int(11) NOT NULL AUTO_INCREMENT, AUTO_INCREMENT=11;

--
-- AUTO_INCREMENT for table `Address`
--
ALTER TABLE `Address`
  MODIFY `AddressID` int(11) NOT NULL AUTO_INCREMENT, AUTO_INCREMENT=11;

--
-- AUTO_INCREMENT for table `ClinicRecord`
--
ALTER TABLE `ClinicRecord`
  MODIFY `ClinicRecordID` int(11) NOT NULL AUTO_INCREMENT, AUTO_INCREMENT=11;

--
-- AUTO_INCREMENT for table `ContactInfo`
--
ALTER TABLE `ContactInfo`
  MODIFY `ContactInfoNo` int(11) NOT NULL AUTO_INCREMENT, AUTO_INCREMENT=11;

--
-- AUTO_INCREMENT for table `Family`
--
ALTER TABLE `Family`
  MODIFY `familyNo` int(11) NOT NULL AUTO_INCREMENT, AUTO_INCREMENT=11;

--
-- AUTO_INCREMENT for table `FamilyMember`
--
ALTER TABLE `FamilyMember`
  MODIFY `familyMemberNo` int(11) NOT NULL AUTO_INCREMENT;

--
-- AUTO_INCREMENT for table `HealthClinic`
--
ALTER TABLE `HealthClinic`
  MODIFY `healthClinicID` int(11) NOT NULL AUTO_INCREMENT, AUTO_INCREMENT=11;

--
-- AUTO_INCREMENT for table `InvestigatingOfficer`
--
ALTER TABLE `InvestigatingOfficer`
  MODIFY `officerNo` int(11) NOT NULL AUTO_INCREMENT, AUTO_INCREMENT=11;

--
-- AUTO_INCREMENT for table `LawEnforcementDepartment`
--
ALTER TABLE `LawEnforcementDepartment`
  MODIFY `deptNo` int(11) NOT NULL AUTO_INCREMENT, AUTO_INCREMENT=11;

--
-- AUTO_INCREMENT for table `Medication`
--
ALTER TABLE `Medication`
  MODIFY `MedicationID` int(11) NOT NULL AUTO_INCREMENT, AUTO_INCREMENT=11;

--
-- AUTO_INCREMENT for table `MedicationRelease`
--
ALTER TABLE `MedicationRelease`
  MODIFY `medicationReleaseNo` int(11) NOT NULL AUTO_INCREMENT, AUTO_INCREMENT=11;

--
-- AUTO_INCREMENT for table `MissingChild`
--
ALTER TABLE `MissingChild`
  MODIFY `missingChildNo` int(11) NOT NULL AUTO_INCREMENT, AUTO_INCREMENT=11;

--
-- AUTO_INCREMENT for table `MissingChildReport`
--
ALTER TABLE `MissingChildReport`
  MODIFY `ReportNo` int(11) NOT NULL AUTO_INCREMENT;

--
-- AUTO_INCREMENT for table `Organization`
--
ALTER TABLE `Organization`
  MODIFY `OrginzationNo` int(11) NOT NULL AUTO_INCREMENT, AUTO_INCREMENT=11;

--
-- AUTO_INCREMENT for table `Photo`
--
ALTER TABLE `Photo`
  MODIFY `photoNo` int(11) NOT NULL AUTO_INCREMENT, AUTO_INCREMENT=11;

--
-- AUTO_INCREMENT for table `ReleaseReport`
--
ALTER TABLE `ReleaseReport`
  MODIFY `releaseID` int(11) NOT NULL AUTO_INCREMENT, AUTO_INCREMENT=11;

--
-- AUTO_INCREMENT for table `Resources`
--
ALTER TABLE `Resources`
  MODIFY `ResourceNo` int(11) NOT NULL AUTO_INCREMENT, AUTO_INCREMENT=11;

--
-- AUTO_INCREMENT for table `Sighting`
--
ALTER TABLE `Sighting`
  MODIFY `sightingID` int(11) NOT NULL AUTO_INCREMENT, AUTO_INCREMENT=11;

--
-- AUTO_INCREMENT for table `Tip`
--
ALTER TABLE `Tip`
  MODIFY `TipID` int(11) NOT NULL AUTO_INCREMENT, AUTO_INCREMENT=11;

--
-- AUTO_INCREMENT for table `Vehicle`
--
ALTER TABLE `Vehicle`
  MODIFY `vehicleNo` int(11) NOT NULL AUTO_INCREMENT, AUTO_INCREMENT=13;

--
-- AUTO_INCREMENT for table `VehicleDriver`
--
ALTER TABLE `VehicleDriver`
  MODIFY `VehicleDriverID` int(11) NOT NULL AUTO_INCREMENT, AUTO_INCREMENT=13;
COMMIT;

/*!40101 SET CHARACTER_SET_CLIENT=@OLD_CHARACTER_SET_CLIENT */;
/*!40101 SET CHARACTER_SET_RESULTS=@OLD_CHARACTER_SET_RESULTS */;
/*!40101 SET COLLATION_CONNECTION=@OLD_COLLATION_CONNECTION */;
